{"stats":{"minecraft:custom":{"minecraft:jump":127,"minecraft:open_chest":3,"minecraft:time_since_rest":7642,"minecraft:damage_taken":180,"minecraft:leave_game":2,"minecraft:sprint_one_cm":36328,"minecraft:play_time":7642,"minecraft:time_since_death":7642,"minecraft:walk_on_water_one_cm":1968,"minecraft:walk_one_cm":7237,"minecraft:sneak_time":19,"minecraft:total_world_time":7642,"minecraft:walk_under_water_one_cm":181,"minecraft:swim_one_cm":5301,"minecraft:fall_one_cm":2299,"minecraft:fly_one_cm":40722},"minecraft:mined":{"minecraft:fletching_table":1},"minecraft:picked_up":{"minecraft:fletching_table":1},"minecraft:used":{"minecraft:leather_chestplate":1,"minecraft:leather_leggings":1,"minecraft:leather_boots":1,"minecraft:bread":3}},"DataVersion":3120}