{"stats":{"minecraft:crafted":{"minecraft:oak_slab":42,"minecraft:oak_planks":368,"minecraft:stone_shovel":2,"minecraft:birch_wood":3,"minecraft:cooked_porkchop":10,"minecraft:crafting_table":1,"minecraft:cooked_chicken":10,"minecraft:furnace":2,"minecraft:birch_slab":42,"minecraft:acacia_fence_gate":4,"minecraft:bucket":1,"minecraft:birch_planks":270,"minecraft:stone_axe":4,"minecraft:cooked_mutton":11,"minecraft:charcoal":33,"minecraft:birch_fence":102,"minecraft:stick":152,"minecraft:iron_ingot":4,"minecraft:stone_pickaxe":1,"minecraft:stone_sword":2,"minecraft:chest":2,"minecraft:birch_door":3,"minecraft:acacia_planks":128,"minecraft:torch":20,"minecraft:stone_hoe":1,"minecraft:oak_fence":78,"minecraft:smoker":1},"minecraft:used":{"minecraft:oak_fence":94,"minecraft:cooked_mutton":4,"minecraft:stone_sword":226,"minecraft:birch_planks":111,"minecraft:stone_shovel":256,"minecraft:stone_pickaxe":38,"minecraft:oak_planks":92,"minecraft:chest":2,"minecraft:shield":2,"minecraft:stone_hoe":1,"minecraft:cooked_chicken":10,"minecraft:torch":13,"minecraft:dirt":207,"minecraft:oak_slab":43,"minecraft:crafting_table":3,"minecraft:smoker":1,"minecraft:birch_fence":123,"minecraft:birch_door":1,"minecraft:oak_log":17,"minecraft:birch_slab":50,"minecraft:acacia_fence_gate":2,"minecraft:stone_axe":422,"minecraft:furnace":1,"minecraft:oak_sapling":3,"minecraft:cooked_porkchop":10,"minecraft:yellow_bed":2,"minecraft:acacia_planks":89},"minecraft:picked_up":{"minecraft:stripped_oak_log":2,"minecraft:birch_log":71,"minecraft:charcoal":31,"minecraft:crafting_table":2,"minecraft:feather":9,"minecraft:chicken":11,"minecraft:birch_slab":10,"minecraft:leather":3,"minecraft:birch_planks":12,"minecraft:oak_log":156,"minecraft:yellow_bed":2,"minecraft:shield":2,"minecraft:gunpowder":2,"minecraft:string":1,"minecraft:lapis_lazuli":1,"minecraft:dirt":672,"minecraft:cooked_mutton":2,"minecraft:birch_fence":21,"minecraft:bone":3,"minecraft:acacia_planks":49,"minecraft:apple":1,"minecraft:wheat_seeds":29,"minecraft:acacia_fence_gate":4,"minecraft:stone_pickaxe":1,"minecraft:stone_hoe":1,"minecraft:oak_planks":23,"minecraft:acacia_sapling":4,"minecraft:oak_slab":3,"minecraft:egg":4,"minecraft:stick":58,"minecraft:raw_iron":4,"minecraft:oak_fence":28,"minecraft:acacia_log":89,"minecraft:dandelion":7,"minecraft:porkchop":10,"minecraft:diamond_shovel":1,"minecraft:stone_sword":2,"minecraft:arrow":6,"minecraft:stone_shovel":1,"minecraft:rotten_flesh":7,"minecraft:stone_axe":1,"minecraft:oak_sapling":19,"minecraft:mutton":11,"minecraft:white_wool":7,"minecraft:cobblestone":56,"minecraft:oxeye_daisy":1},"minecraft:mined":{"minecraft:oak_slab":2,"minecraft:acacia_leaves":42,"minecraft:dandelion":1,"minecraft:oak_fence":26,"minecraft:crafting_table":2,"minecraft:acacia_log":67,"minecraft:grass_block":367,"minecraft:tall_grass":49,"minecraft:birch_slab":9,"minecraft:oak_planks":12,"minecraft:oxeye_daisy":1,"minecraft:birch_planks":9,"minecraft:acacia_fence_gate":1,"minecraft:birch_log":72,"minecraft:iron_ore":4,"minecraft:birch_leaves":2,"minecraft:yellow_bed":1,"minecraft:grass":204,"minecraft:dirt_path":1,"minecraft:oak_log":156,"minecraft:stripped_oak_log":2,"minecraft:dirt":39,"minecraft:acacia_planks":9,"minecraft:stone":34,"minecraft:oak_leaves":33,"minecraft:birch_fence":21},"minecraft:dropped":{"minecraft:diamond_shovel":1,"minecraft:dandelion":2},"minecraft:broken":{"minecraft:stone_axe":2,"minecraft:stone_shovel":1},"minecraft:killed":{"minecraft:spider":2,"minecraft:creeper":1,"minecraft:skeleton":2,"minecraft:horse":6,"minecraft:sheep":7,"minecraft:zombie":3,"minecraft:chicken":10,"minecraft:skeleton_horse":1},"minecraft:custom":{"minecraft:interact_with_furnace":32,"minecraft:mob_kills":33,"minecraft:interact_with_crafting_table":60,"minecraft:time_since_death":59285,"minecraft:sleep_in_bed":8,"minecraft:climb_one_cm":17106,"minecraft:time_since_rest":35942,"minecraft:sprint_one_cm":450415,"minecraft:damage_taken":1465,"minecraft:walk_one_cm":878529,"minecraft:damage_blocked_by_shield":70,"minecraft:drop":3,"minecraft:damage_dealt":4121,"minecraft:swim_one_cm":3344,"minecraft:fly_one_cm":102939,"minecraft:open_chest":31,"minecraft:crouch_one_cm":16290,"minecraft:play_time":215961,"minecraft:deaths":1,"minecraft:sneak_time":7763,"minecraft:walk_under_water_one_cm":883,"minecraft:jump":1462,"minecraft:walk_on_water_one_cm":4907,"minecraft:enchant_item":1,"minecraft:interact_with_smoker":3,"minecraft:total_world_time":215961,"minecraft:fall_one_cm":17441},"minecraft:killed_by":{"minecraft:spider":1}},"DataVersion":3120}