{"stats":{"minecraft:killed_by":{"minecraft:spider":1,"minecraft:zombie":5},"minecraft:picked_up":{"minecraft:charcoal":31,"minecraft:crafting_table":6,"minecraft:birch_door":6,"minecraft:wheat":272,"minecraft:azure_bluet":4,"minecraft:chicken":24,"minecraft:ladder":6,"minecraft:clay_ball":160,"minecraft:stone_slab":55,"minecraft:oak_stairs":23,"minecraft:stone_brick_stairs":4,"minecraft:shield":3,"minecraft:cornflower":3,"minecraft:string":4,"minecraft:raw_copper":115,"minecraft:cooked_salmon":1,"minecraft:birch_fence":223,"minecraft:diamond_leggings":2,"minecraft:bucket":2,"minecraft:beef":6,"minecraft:acacia_fence_gate":13,"minecraft:jungle_sapling":2,"minecraft:poppy":3,"minecraft:sugar_cane":46,"minecraft:chest":11,"minecraft:birch_sapling":19,"minecraft:furnace":2,"minecraft:egg":11,"minecraft:stick":152,"minecraft:raw_iron":4,"minecraft:stone":558,"minecraft:oak_door":7,"minecraft:oak_fence":437,"minecraft:torch":23,"minecraft:acacia_log":89,"minecraft:porkchop":27,"minecraft:lightning_rod":1,"minecraft:stone_button":2,"minecraft:diorite":114,"minecraft:carrot":286,"minecraft:rotten_flesh":30,"minecraft:diamond_chestplate":2,"minecraft:stone_sword":5,"minecraft:arrow":15,"minecraft:stone_shovel":6,"minecraft:shears":1,"minecraft:diamond_boots":2,"minecraft:iron_block":12,"minecraft:mutton":11,"minecraft:white_wool":7,"minecraft:cobblestone":3440,"minecraft:oxeye_daisy":3,"minecraft:stripped_oak_log":20,"minecraft:birch_log":221,"minecraft:feather":40,"minecraft:iron_door":1,"minecraft:salmon":9,"minecraft:birch_slab":65,"minecraft:jungle_log":207,"minecraft:leather":27,"minecraft:yellow_dye":1,"minecraft:smoker":2,"minecraft:potato":8,"minecraft:birch_planks":163,"minecraft:oak_log":586,"minecraft:gunpowder":4,"minecraft:yellow_bed":4,"minecraft:cobblestone_wall":68,"minecraft:lapis_lazuli":1,"minecraft:dirt":1721,"minecraft:cooked_mutton":2,"minecraft:glass":19,"minecraft:bone":8,"minecraft:acacia_planks":199,"minecraft:apple":5,"minecraft:stone_bricks":291,"minecraft:wheat_seeds":718,"minecraft:stone_pickaxe":2,"minecraft:diamond_helmet":2,"minecraft:acacia_sapling":8,"minecraft:iron_sword":3,"minecraft:stone_hoe":1,"minecraft:oak_planks":139,"minecraft:oak_slab":89,"minecraft:milk_bucket":2,"minecraft:light_gray_stained_glass":1,"minecraft:cooked_porkchop":15,"minecraft:pumpkin":9,"minecraft:stone_brick_slab":4,"minecraft:dandelion":31,"minecraft:poisonous_potato":1,"minecraft:gravel":8,"minecraft:sand":148,"minecraft:acacia_stairs":8,"minecraft:brick_slab":7,"minecraft:diamond_shovel":1,"minecraft:pumpkin_seeds":6,"minecraft:stone_axe":2,"minecraft:polished_diorite":28,"minecraft:chainmail_leggings":4,"minecraft:granite":1,"minecraft:diamond_axe":7,"minecraft:oak_sapling":77,"minecraft:coal":130,"minecraft:bricks":1,"minecraft:diamond_pickaxe":6},"minecraft:mined":{"minecraft:attached_pumpkin_stem":5,"minecraft:oak_door":3,"minecraft:jungle_leaves":14,"minecraft:ladder":6,"minecraft:stone_button":2,"minecraft:acacia_log":67,"minecraft:grass_block":926,"minecraft:jungle_log":116,"minecraft:birch_slab":50,"minecraft:oxeye_daisy":2,"minecraft:furnace":2,"minecraft:carrots":65,"minecraft:iron_ore":4,"minecraft:acacia_stairs":9,"minecraft:pumpkin":6,"minecraft:azure_bluet":2,"minecraft:potatoes":1,"minecraft:dirt_path":4,"minecraft:vine":11,"minecraft:oak_stairs":3,"minecraft:stripped_oak_log":16,"minecraft:stone":1272,"minecraft:oak_slab":55,"minecraft:acacia_leaves":42,"minecraft:smoker":2,"minecraft:dandelion":12,"minecraft:oak_fence":96,"minecraft:clay":41,"minecraft:crafting_table":6,"minecraft:cornflower":3,"minecraft:torch":4,"minecraft:poppy":3,"minecraft:chest":9,"minecraft:stone_slab":39,"minecraft:cobblestone":126,"minecraft:tall_grass":53,"minecraft:copper_ore":17,"minecraft:sugar_cane":19,"minecraft:oak_planks":103,"minecraft:bricks":1,"minecraft:diorite":71,"minecraft:wall_torch":8,"minecraft:seagrass":1,"minecraft:birch_planks":112,"minecraft:brick_slab":6,"minecraft:cobblestone_wall":8,"minecraft:acacia_fence_gate":5,"minecraft:birch_log":126,"minecraft:wheat":180,"minecraft:birch_leaves":6,"minecraft:pumpkin_stem":1,"minecraft:birch_door":4,"minecraft:yellow_bed":3,"minecraft:stone_brick_stairs":4,"minecraft:grass":287,"minecraft:oak_log":500,"minecraft:coal_ore":81,"minecraft:gravel":5,"minecraft:sand":85,"minecraft:dirt":340,"minecraft:acacia_planks":159,"minecraft:stone_bricks":125,"minecraft:oak_leaves":182,"minecraft:birch_fence":122},"minecraft:crafted":{"minecraft:brick":156,"minecraft:oak_door":3,"minecraft:oak_planks":548,"minecraft:stone_shovel":7,"minecraft:oak_sign":3,"minecraft:birch_wood":3,"minecraft:iron_nugget":63,"minecraft:light_gray_stained_glass":8,"minecraft:cooked_chicken":19,"minecraft:lightning_rod":1,"minecraft:birch_slab":42,"minecraft:stone_button":2,"minecraft:acacia_fence_gate":5,"minecraft:furnace":4,"minecraft:stone":473,"minecraft:bone_meal":9,"minecraft:cooked_mutton":11,"minecraft:glass":19,"minecraft:lantern":7,"minecraft:stone_brick_slab":6,"minecraft:polished_diorite":28,"minecraft:ladder":9,"minecraft:stone_pickaxe":5,"minecraft:cobblestone_wall":24,"minecraft:chest":8,"minecraft:iron_door":3,"minecraft:oak_button":2,"minecraft:birch_door":3,"minecraft:bricks":39,"minecraft:brick_slab":66,"minecraft:stone_hoe":2,"minecraft:stone_bricks":448,"minecraft:oak_fence":78,"minecraft:smoker":2,"minecraft:cooked_beef":6,"minecraft:oak_slab":180,"minecraft:cooked_porkchop":27,"minecraft:crafting_table":2,"minecraft:iron_sword":2,"minecraft:copper_ingot":3,"minecraft:birch_planks":270,"minecraft:bucket":1,"minecraft:acacia_stairs":24,"minecraft:pumpkin_seeds":4,"minecraft:stone_axe":6,"minecraft:bread":47,"minecraft:stone_brick_stairs":8,"minecraft:yellow_dye":1,"minecraft:charcoal":49,"minecraft:shield":1,"minecraft:birch_fence":102,"minecraft:stick":152,"minecraft:stone_slab":30,"minecraft:iron_ingot":31,"minecraft:oak_stairs":48,"minecraft:stone_sword":4,"minecraft:iron_shovel":1,"minecraft:light_gray_dye":2,"minecraft:acacia_planks":128,"minecraft:torch":56,"minecraft:shears":1,"minecraft:clay":1},"minecraft:dropped":{"minecraft:stone_hoe":1,"minecraft:iron_sword":4,"minecraft:oak_slab":12,"minecraft:diamond_axe":1,"minecraft:cobblestone":64,"minecraft:dirt":44,"minecraft:light_gray_stained_glass":1,"minecraft:chainmail_leggings":3,"minecraft:bucket":1,"minecraft:white_wool":7,"minecraft:dandelion":2,"minecraft:stone_axe":1,"minecraft:stone_sword":1,"minecraft:diamond_shovel":1,"minecraft:stone_bricks":1},"minecraft:custom":{"minecraft:mob_kills":80,"minecraft:interact_with_crafting_table":217,"minecraft:leave_game":4,"minecraft:time_since_death":352527,"minecraft:climb_one_cm":26474,"minecraft:sprint_one_cm":1030306,"minecraft:walk_one_cm":3045502,"minecraft:damage_blocked_by_shield":1706,"minecraft:drop":34,"minecraft:play_time":896370,"minecraft:deaths":6,"minecraft:sneak_time":16159,"minecraft:walk_under_water_one_cm":60755,"minecraft:jump":6872,"minecraft:walk_on_water_one_cm":52191,"minecraft:enchant_item":1,"minecraft:total_world_time":896370,"minecraft:interact_with_furnace":130,"minecraft:sleep_in_bed":22,"minecraft:time_since_rest":47574,"minecraft:damage_taken":5893,"minecraft:damage_dealt":10648,"minecraft:swim_one_cm":26394,"minecraft:fly_one_cm":959329,"minecraft:open_chest":357,"minecraft:crouch_one_cm":44293,"minecraft:interact_with_smoker":48,"minecraft:fall_one_cm":137578},"minecraft:killed":{"minecraft:spider":4,"minecraft:horse":13,"minecraft:skeleton":2,"minecraft:chicken":21,"minecraft:skeleton_horse":1,"minecraft:pig":9,"minecraft:salmon":6,"minecraft:creeper":1,"minecraft:sheep":7,"minecraft:zombie":10,"minecraft:cow":4},"minecraft:broken":{"minecraft:iron_shovel":1,"minecraft:stone_sword":1,"minecraft:stone_pickaxe":4,"minecraft:stone_axe":4,"minecraft:stone_shovel":6},"minecraft:used":{"minecraft:oak_fence":131,"minecraft:stone_sword":423,"minecraft:iron_shovel":254,"minecraft:stone_shovel":955,"minecraft:ladder":12,"minecraft:oak_sign":3,"minecraft:chest":15,"minecraft:shield":38,"minecraft:iron_sword":46,"minecraft:stone":8,"minecraft:cooked_chicken":18,"minecraft:stone_hoe":117,"minecraft:oak_door":4,"minecraft:torch":64,"minecraft:dirt":1255,"minecraft:brick_slab":72,"minecraft:cobblestone_wall":26,"minecraft:carrot":61,"minecraft:birch_door":4,"minecraft:stone_brick_slab":2,"minecraft:bricks":5,"minecraft:light_gray_stained_glass":4,"minecraft:lantern":1,"minecraft:oak_stairs":35,"minecraft:stone_brick_stairs":12,"minecraft:stone_bricks":549,"minecraft:oak_sapling":24,"minecraft:furnace":4,"minecraft:cooked_beef":6,"minecraft:potato":4,"minecraft:acacia_planks":159,"minecraft:wheat_seeds":227,"minecraft:cooked_mutton":4,"minecraft:water_bucket":22,"minecraft:birch_planks":112,"minecraft:stone_pickaxe":568,"minecraft:oak_planks":134,"minecraft:sugar_cane":10,"minecraft:clay":1,"minecraft:diamond_axe":1266,"minecraft:sand":1,"minecraft:oak_slab":159,"minecraft:crafting_table":7,"minecraft:pumpkin_seeds":8,"minecraft:smoker":4,"minecraft:birch_fence":123,"minecraft:oak_log":254,"minecraft:acacia_stairs":17,"minecraft:diamond_pickaxe":1213,"minecraft:apple":3,"minecraft:bread":26,"minecraft:birch_slab":69,"minecraft:stone_button":2,"minecraft:oak_button":2,"minecraft:stone_slab":55,"minecraft:iron_door":2,"minecraft:gravel":1,"minecraft:acacia_fence_gate":5,"minecraft:stone_axe":687,"minecraft:cobblestone":396,"minecraft:cooked_porkchop":27,"minecraft:bucket":22,"minecraft:yellow_bed":4,"minecraft:stripped_oak_log":8}},"DataVersion":3120}