{"stats":{"minecraft:custom":{"minecraft:mob_kills":75,"minecraft:interact_with_crafting_table":61,"minecraft:leave_game":1,"minecraft:time_since_death":23855,"minecraft:climb_one_cm":3745,"minecraft:sprint_one_cm":387579,"minecraft:walk_one_cm":1050949,"minecraft:damage_blocked_by_shield":2205,"minecraft:drop":71,"minecraft:talked_to_villager":7,"minecraft:play_time":223526,"minecraft:deaths":3,"minecraft:sneak_time":8204,"minecraft:walk_under_water_one_cm":39529,"minecraft:jump":3953,"minecraft:interact_with_blast_furnace":34,"minecraft:enchant_item":1,"minecraft:walk_on_water_one_cm":68218,"minecraft:total_world_time":223526,"minecraft:interact_with_furnace":183,"minecraft:sleep_in_bed":6,"minecraft:time_since_rest":16326,"minecraft:damage_taken":4860,"minecraft:damage_dealt":13361,"minecraft:swim_one_cm":29412,"minecraft:fly_one_cm":221996,"minecraft:open_chest":34,"minecraft:crouch_one_cm":16356,"minecraft:fall_one_cm":81965,"minecraft:horse_one_cm":322},"minecraft:broken":{"minecraft:wooden_pickaxe":1},"minecraft:killed":{"minecraft:spider":8,"minecraft:phantom":1,"minecraft:skeleton":11,"minecraft:chicken":1,"minecraft:pig":6,"minecraft:zombie_villager":1,"minecraft:creeper":2,"minecraft:sheep":7,"minecraft:pillager":17,"minecraft:zombie":16,"minecraft:enderman":1},"minecraft:mined":{"minecraft:white_bed":1,"minecraft:granite":12,"minecraft:grass_block":7,"minecraft:spawner":1,"minecraft:magma_block":1,"minecraft:furnace":16,"minecraft:iron_ore":61,"minecraft:cobbled_deepslate":1,"minecraft:andesite":15,"minecraft:pointed_dripstone":1,"minecraft:potatoes":17,"minecraft:deepslate_iron_ore":30,"minecraft:stone":330,"minecraft:white_wool":20,"minecraft:crafting_table":12,"minecraft:blast_furnace":1,"minecraft:tall_grass":4,"minecraft:cobblestone":4,"minecraft:deepslate_gold_ore":23,"minecraft:sugar_cane":9,"minecraft:diorite":3,"minecraft:wall_torch":2,"minecraft:birch_planks":2,"minecraft:grass":25,"minecraft:coal_ore":75,"minecraft:oak_log":48,"minecraft:beetroots":13,"minecraft:gravel":1,"minecraft:dripstone_block":2,"minecraft:dirt":12,"minecraft:gold_ore":12,"minecraft:oak_leaves":1,"minecraft:deepslate":16},"minecraft:picked_up":{"minecraft:iron_chestplate":1,"minecraft:crafting_table":14,"minecraft:chicken":1,"minecraft:wooden_pickaxe":1,"minecraft:shield":2,"minecraft:string":6,"minecraft:raw_copper":2,"minecraft:iron_axe":2,"minecraft:iron_leggings":1,"minecraft:beetroot":15,"minecraft:diamond_leggings":2,"minecraft:cobbled_deepslate":93,"minecraft:iron_pickaxe":3,"minecraft:light_gray_wool":1,"minecraft:sugar_cane":26,"minecraft:birch_sapling":3,"minecraft:furnace":17,"minecraft:phantom_membrane":1,"minecraft:diamond_hoe":2,"minecraft:raw_iron":133,"minecraft:stick":12,"minecraft:torch":12,"minecraft:acacia_log":1,"minecraft:porkchop":11,"minecraft:pointed_dripstone":16,"minecraft:diorite":3,"minecraft:carrot":30,"minecraft:diamond_chestplate":2,"minecraft:arrow":14,"minecraft:rotten_flesh":18,"minecraft:beetroot_seeds":33,"minecraft:diamond_boots":1,"minecraft:gold_ingot":6,"minecraft:mutton":11,"minecraft:white_wool":47,"minecraft:cobblestone":566,"minecraft:magma_block":1,"minecraft:feather":1,"minecraft:golden_carrot":24,"minecraft:water_bucket":1,"minecraft:andesite":15,"minecraft:golden_leggings":1,"minecraft:potato":93,"minecraft:birch_planks":297,"minecraft:tuff":1,"minecraft:oak_log":107,"minecraft:gunpowder":5,"minecraft:lapis_lazuli":7,"minecraft:dirt":34,"minecraft:white_banner":1,"minecraft:bone":11,"minecraft:apple":1,"minecraft:bow":1,"minecraft:wheat_seeds":15,"minecraft:raw_gold":62,"minecraft:iron_ingot":83,"minecraft:stone_pickaxe":2,"minecraft:diamond_helmet":2,"minecraft:iron_sword":2,"minecraft:milk_bucket":1,"minecraft:cooked_porkchop":1,"minecraft:gravel":1,"minecraft:dripstone_block":3,"minecraft:blast_furnace":2,"minecraft:white_bed":2,"minecraft:grass_block":1,"minecraft:spider_eye":2,"minecraft:stone_axe":2,"minecraft:granite":12,"minecraft:iron_helmet":3,"minecraft:crossbow":3,"minecraft:diamond_axe":2,"minecraft:gray_wool":1,"minecraft:bread":2,"minecraft:baked_potato":11,"minecraft:oak_sapling":4,"minecraft:black_wool":1,"minecraft:coal":168,"minecraft:diamond_pickaxe":2},"minecraft:killed_by":{"minecraft:player":1,"minecraft:creeper":1},"minecraft:dropped":{"minecraft:iron_sword":1,"minecraft:wheat_seeds":14,"minecraft:lapis_lazuli":5,"minecraft:oak_log":11,"minecraft:crafting_table":1,"minecraft:dripstone_block":1,"minecraft:cooked_porkchop":5,"minecraft:crossbow":1,"minecraft:iron_helmet":2,"minecraft:feather":1,"minecraft:grass_block":1,"minecraft:stick":1,"minecraft:dirt":4,"minecraft:gray_wool":1,"minecraft:torch":4,"minecraft:gold_nugget":1,"minecraft:phantom_membrane":1,"minecraft:string":2,"minecraft:bucket":1,"minecraft:gold_ingot":8,"minecraft:gravel":1,"minecraft:cobbled_deepslate":10,"minecraft:raw_copper":2,"minecraft:tuff":1,"minecraft:pointed_dripstone":13,"minecraft:rotten_flesh":12,"minecraft:light_gray_wool":1,"minecraft:iron_boots":1,"minecraft:gunpowder":1,"minecraft:andesite":9,"minecraft:golden_leggings":1,"minecraft:spider_eye":2,"minecraft:bow":1,"minecraft:wooden_pickaxe":1,"minecraft:black_wool":1},"minecraft:used":{"minecraft:beetroot":15,"minecraft:acacia_log":1,"minecraft:chest":1,"minecraft:shield":61,"minecraft:iron_sword":142,"minecraft:rotten_flesh":6,"minecraft:iron_chestplate":1,"minecraft:torch":66,"minecraft:dirt":29,"minecraft:carrot":2,"minecraft:granite":12,"minecraft:milk_bucket":1,"minecraft:wooden_axe":13,"minecraft:birch_sapling":3,"minecraft:iron_helmet":1,"minecraft:iron_boots":1,"minecraft:golden_carrot":9,"minecraft:magma_block":1,"minecraft:bow":2,"minecraft:oak_sapling":4,"minecraft:furnace":16,"minecraft:beetroot_seeds":33,"minecraft:potato":28,"minecraft:cobbled_deepslate":15,"minecraft:pointed_dripstone":3,"minecraft:wheat_seeds":1,"minecraft:cooked_mutton":8,"minecraft:water_bucket":41,"minecraft:diorite":3,"minecraft:birch_planks":15,"minecraft:stone_pickaxe":154,"minecraft:baked_potato":38,"minecraft:wooden_pickaxe":59,"minecraft:diamond_axe":6,"minecraft:sugar_cane":23,"minecraft:crafting_table":11,"minecraft:blast_furnace":1,"minecraft:crossbow":2,"minecraft:white_bed":2,"minecraft:dripstone_block":2,"minecraft:diamond_pickaxe":188,"minecraft:apple":1,"minecraft:bread":2,"minecraft:iron_pickaxe":208,"minecraft:stone_axe":109,"minecraft:cobblestone":72,"minecraft:cooked_porkchop":8,"minecraft:bucket":42,"minecraft:andesite":6},"minecraft:crafted":{"minecraft:golden_carrot":28,"minecraft:smooth_stone":3,"minecraft:oak_planks":24,"minecraft:cooked_chicken":1,"minecraft:furnace":3,"minecraft:blast_furnace":1,"minecraft:stone":3,"minecraft:cooked_mutton":9,"minecraft:iron_boots":1,"minecraft:stone_pickaxe":2,"minecraft:chest":1,"minecraft:cooked_porkchop":11,"minecraft:crafting_table":1,"minecraft:iron_helmet":1,"minecraft:wooden_pickaxe":1,"minecraft:baked_potato":35,"minecraft:iron_sword":1,"minecraft:bucket":1,"minecraft:birch_planks":128,"minecraft:stone_axe":2,"minecraft:air":0,"minecraft:iron_chestplate":1,"minecraft:charcoal":6,"minecraft:gold_nugget":270,"minecraft:shield":4,"minecraft:stick":32,"minecraft:iron_ingot":119,"minecraft:iron_pickaxe":1,"minecraft:wooden_axe":1,"minecraft:iron_leggings":1,"minecraft:gold_ingot":41,"minecraft:torch":76}},"DataVersion":3120}