{"stats":{"minecraft:used":{"minecraft:ladder":9,"minecraft:chest":45,"minecraft:shield":58,"minecraft:stone":145,"minecraft:iron_sword":154,"minecraft:carrot":134,"minecraft:tuff":8,"minecraft:glass":193,"minecraft:dark_oak_slab":1,"minecraft:stone_brick_stairs":67,"minecraft:stone_bricks":620,"minecraft:item_frame":8,"minecraft:repeater":10,"minecraft:redstone_lamp":10,"minecraft:furnace":13,"minecraft:potato":32,"minecraft:diorite":4,"minecraft:stone_pickaxe":443,"minecraft:oak_planks":10,"minecraft:wooden_pickaxe":53,"minecraft:composter":3,"minecraft:redstone_block":1,"minecraft:sugar_cane":24,"minecraft:sand":7,"minecraft:crossbow":2,"minecraft:redstone_torch":22,"minecraft:sticky_piston":15,"minecraft:stone_button":1,"minecraft:bread":128,"minecraft:diamond_sword":243,"minecraft:oak_boat":5,"minecraft:bone_meal":15,"minecraft:experience_bottle":2,"minecraft:oak_trapdoor":5,"minecraft:enchanting_table":4,"minecraft:stone_sword":177,"minecraft:stone_shovel":267,"minecraft:redstone":21,"minecraft:stone_hoe":6,"minecraft:torch":609,"minecraft:brewing_stand":2,"minecraft:dirt":746,"minecraft:anvil":2,"minecraft:iron_hoe":85,"minecraft:stone_brick_slab":129,"minecraft:iron_axe":329,"minecraft:basalt":60,"minecraft:glowstone":3,"minecraft:minecart":9,"minecraft:wheat_seeds":1,"minecraft:cooked_mutton":5,"minecraft:water_bucket":16,"minecraft:cobblestone_stairs":206,"minecraft:cobblestone_slab":138,"minecraft:rail":179,"minecraft:oak_slab":1,"minecraft:crafting_table":15,"minecraft:white_bed":9,"minecraft:spruce_log":106,"minecraft:oak_log":26,"minecraft:piston":6,"minecraft:diamond_pickaxe":1412,"minecraft:diamond_shovel":300,"minecraft:iron_pickaxe":2063,"minecraft:spruce_sapling":29,"minecraft:stone_axe":125,"minecraft:cobblestone":654,"minecraft:bucket":15},"minecraft:crafted":{"minecraft:oak_planks":500,"minecraft:cobblestone_slab":108,"minecraft:stone":913,"minecraft:cobblestone_stairs":320,"minecraft:diamond_shovel":1,"minecraft:cooked_mutton":5,"minecraft:glass":257,"minecraft:stone_brick_slab":102,"minecraft:repeater":6,"minecraft:iron_boots":1,"minecraft:chest":31,"minecraft:stone_hoe":1,"minecraft:stone_bricks":612,"minecraft:redstone_lamp":16,"minecraft:oak_slab":24,"minecraft:item_frame":4,"minecraft:crafting_table":6,"minecraft:wooden_pickaxe":1,"minecraft:iron_helmet":1,"minecraft:sticky_piston":10,"minecraft:brewing_stand":1,"minecraft:stone_brick_stairs":48,"minecraft:iron_chestplate":1,"minecraft:book":3,"minecraft:paper":18,"minecraft:diamond_pickaxe":1,"minecraft:shield":1,"minecraft:stick":264,"minecraft:iron_ingot":85,"minecraft:iron_pickaxe":11,"minecraft:iron_block":3,"minecraft:stone_sword":1,"minecraft:gold_ingot":22,"minecraft:redstone_torch":28,"minecraft:composter":2,"minecraft:golden_carrot":1,"minecraft:redstone":153,"minecraft:stone_shovel":2,"minecraft:furnace":7,"minecraft:stone_button":1,"minecraft:piston":19,"minecraft:bone_meal":15,"minecraft:oak_trapdoor":6,"minecraft:iron_axe":2,"minecraft:ladder":12,"minecraft:iron_hoe":1,"minecraft:slime_ball":36,"minecraft:stone_pickaxe":4,"minecraft:redstone_block":23,"minecraft:minecart":1,"minecraft:wheat":343,"minecraft:cooked_beef":9,"minecraft:diamond_sword":1,"minecraft:enchanting_table":1,"minecraft:iron_sword":1,"minecraft:bucket":2,"minecraft:stone_axe":1,"minecraft:glowstone":41,"minecraft:bread":117,"minecraft:air":0,"minecraft:oak_boat":2,"minecraft:iron_leggings":1,"minecraft:anvil":1,"minecraft:white_bed":3,"minecraft:torch":540},"minecraft:picked_up":{"minecraft:iron_chestplate":1,"minecraft:wheat":9,"minecraft:redstone_block":1,"minecraft:anvil":1,"minecraft:diamond_sword":1,"minecraft:oak_stairs":44,"minecraft:stone_brick_stairs":30,"minecraft:brewing_stand":1,"minecraft:string":13,"minecraft:raw_copper":89,"minecraft:iron_leggings":1,"minecraft:sticky_piston":15,"minecraft:gold_nugget":58,"minecraft:cobbled_deepslate":84,"minecraft:redstone_torch":12,"minecraft:cobblestone_slab":36,"minecraft:iron_pickaxe":4,"minecraft:melon_slice":6,"minecraft:iron_boots":1,"minecraft:furnace":8,"minecraft:stick":27,"minecraft:composter":1,"minecraft:oak_fence":13,"minecraft:torch":233,"minecraft:acacia_log":22,"minecraft:porkchop":10,"minecraft:pointed_dripstone":2,"minecraft:diorite":4,"minecraft:stone_sword":4,"minecraft:rotten_flesh":35,"minecraft:blaze_rod":9,"minecraft:obsidian":10,"minecraft:cobblestone":3031,"minecraft:enchanting_table":3,"minecraft:repeater":10,"minecraft:magma_cream":4,"minecraft:feather":1,"minecraft:cooked_beef":9,"minecraft:water_bucket":1,"minecraft:potato":150,"minecraft:tuff":18,"minecraft:dirt":758,"minecraft:map":2,"minecraft:lapis_lazuli":49,"minecraft:bone":15,"minecraft:bow":1,"minecraft:wheat_seeds":70,"minecraft:raw_gold":17,"minecraft:bell":1,"minecraft:glowstone_dust":167,"minecraft:oak_planks":67,"minecraft:cooked_porkchop":3,"minecraft:sand":295,"minecraft:grass_block":2,"minecraft:mossy_cobblestone":3,"minecraft:diamond":8,"minecraft:crossbow":3,"minecraft:granite":1,"minecraft:emerald":2,"minecraft:bread":28,"minecraft:oak_sapling":22,"minecraft:netherrack":132,"minecraft:dark_oak_fence":8,"minecraft:diamond_pickaxe":3,"minecraft:crafting_table":10,"minecraft:wooden_pickaxe":1,"minecraft:shield":1,"minecraft:oak_trapdoor":19,"minecraft:iron_axe":2,"minecraft:item_frame":4,"minecraft:blackstone":20,"minecraft:beef":20,"minecraft:oak_boat":6,"minecraft:poppy":9,"minecraft:minecart":9,"minecraft:sugar_cane":76,"minecraft:chest":14,"minecraft:piston":6,"minecraft:egg":2,"minecraft:raw_iron":89,"minecraft:oak_door":1,"minecraft:carrot":163,"minecraft:redstone":233,"minecraft:arrow":14,"minecraft:stone_shovel":1,"minecraft:hay_block":139,"minecraft:mutton":35,"minecraft:white_wool":27,"minecraft:rail":192,"minecraft:oxeye_daisy":1,"minecraft:basalt":103,"minecraft:leather":23,"minecraft:oak_log":135,"minecraft:ancient_debris":2,"minecraft:yellow_bed":1,"minecraft:gunpowder":5,"minecraft:cobblestone_stairs":44,"minecraft:stone_bricks":143,"minecraft:apple":5,"minecraft:iron_ingot":29,"minecraft:stone_pickaxe":1,"minecraft:iron_sword":2,"minecraft:acacia_sapling":1,"minecraft:oak_slab":4,"minecraft:dark_oak_slab":1,"minecraft:stone_brick_slab":32,"minecraft:quartz":35,"minecraft:dandelion":4,"minecraft:spruce_sapling":51,"minecraft:white_bed":9,"minecraft:spruce_log":171,"minecraft:diamond_shovel":1,"minecraft:iron_helmet":1,"minecraft:coal":461,"minecraft:ender_pearl":3},"minecraft:mined":{"minecraft:white_bed":7,"minecraft:cobblestone_stairs":45,"minecraft:brewing_stand":1,"minecraft:granite":1,"minecraft:acacia_log":23,"minecraft:grass_block":183,"minecraft:composter":1,"minecraft:glowstone":12,"minecraft:sticky_piston":15,"minecraft:iron_ore":83,"minecraft:fire":15,"minecraft:anvil":1,"minecraft:deepslate_lapis_ore":9,"minecraft:enchanting_table":3,"minecraft:pointed_dripstone":2,"minecraft:dirt_path":24,"minecraft:oak_stairs":44,"minecraft:piston_head":1,"minecraft:deepslate_redstone_ore":45,"minecraft:blackstone":5,"minecraft:torch":30,"minecraft:melon":1,"minecraft:chest":14,"minecraft:nether_quartz_ore":35,"minecraft:glass":5,"minecraft:cobblestone":273,"minecraft:sugar_cane":42,"minecraft:oak_planks":43,"minecraft:wall_torch":31,"minecraft:repeater":3,"minecraft:dark_oak_slab":1,"minecraft:wheat":1,"minecraft:stone_brick_stairs":30,"minecraft:grass":443,"minecraft:oak_log":111,"minecraft:sand":294,"minecraft:dirt":218,"minecraft:ancient_debris":2,"minecraft:netherrack":142,"minecraft:piston":5,"minecraft:deepslate":102,"minecraft:oak_leaves":9,"minecraft:nether_gold_ore":16,"minecraft:tuff":18,"minecraft:mossy_cobblestone":3,"minecraft:deepslate_diamond_ore":8,"minecraft:oak_door":1,"minecraft:dark_oak_fence":8,"minecraft:redstone_wire":1,"minecraft:spruce_leaves":58,"minecraft:hay_block":72,"minecraft:oak_trapdoor":18,"minecraft:spruce_sapling":4,"minecraft:furnace":8,"minecraft:carrots":41,"minecraft:deepslate_iron_ore":6,"minecraft:potatoes":37,"minecraft:cobblestone_slab":35,"minecraft:rail":190,"minecraft:stone":2214,"minecraft:redstone_wall_torch":6,"minecraft:oak_slab":2,"minecraft:acacia_leaves":2,"minecraft:redstone_block":1,"minecraft:glass_pane":1,"minecraft:basalt":109,"minecraft:stone_brick_slab":28,"minecraft:dandelion":2,"minecraft:oak_fence":8,"minecraft:crafting_table":10,"minecraft:sculk_sensor":1,"minecraft:copper_ore":24,"minecraft:tall_grass":24,"minecraft:deepslate_gold_ore":17,"minecraft:sculk":3,"minecraft:diorite":4,"minecraft:redstone_torch":1,"minecraft:spruce_log":109,"minecraft:yellow_bed":1,"minecraft:coal_ore":307,"minecraft:cobweb":7,"minecraft:stone_bricks":145},"minecraft:dropped":{"minecraft:iron_sword":2,"minecraft:porkchop":10,"minecraft:lapis_lazuli":6,"minecraft:oak_log":5,"minecraft:crossbow":3,"minecraft:dirt":2,"minecraft:sand":1,"minecraft:iron_pickaxe":1,"minecraft:blackstone":10,"minecraft:wheat":1,"minecraft:rotten_flesh":14,"minecraft:oak_planks":1,"minecraft:diamond_shovel":1,"minecraft:poppy":9,"minecraft:beetroot_seeds":3,"minecraft:arrow":14,"minecraft:egg":1,"minecraft:bread":10,"minecraft:wheat_seeds":27,"minecraft:oak_fence":5,"minecraft:feather":2,"minecraft:cobblestone":50,"minecraft:granite":1,"minecraft:acacia_log":22,"minecraft:grass_block":1,"minecraft:coal":21,"minecraft:stick":1,"minecraft:oxeye_daisy":1,"minecraft:map":2,"minecraft:iron_axe":1,"minecraft:string":1,"minecraft:bucket":1,"minecraft:dandelion":4,"minecraft:oak_trapdoor":16,"minecraft:stone_sword":4,"minecraft:raw_copper":26,"minecraft:raw_iron":1,"minecraft:hay_block":8,"minecraft:diamond_pickaxe":2,"minecraft:yellow_bed":1,"minecraft:stone_bricks":1,"minecraft:stone_pickaxe":1},"minecraft:broken":{"minecraft:stone_pickaxe":3,"minecraft:stone_axe":1,"minecraft:stone_shovel":2,"minecraft:stone_sword":1,"minecraft:iron_axe":1,"minecraft:iron_pickaxe":8},"minecraft:killed":{"minecraft:cave_spider":2,"minecraft:spider":5,"minecraft:skeleton":11,"minecraft:magma_cube":14,"minecraft:pig":5,"minecraft:zombie_villager":1,"minecraft:iron_golem":6,"minecraft:creeper":7,"minecraft:sheep":15,"minecraft:pillager":13,"minecraft:zombie":31,"minecraft:blaze":18,"minecraft:cow":12,"minecraft:drowned":3,"minecraft:wither_skeleton":4,"minecraft:enderman":3},"minecraft:custom":{"minecraft:interact_with_crafting_table":110,"minecraft:bell_ring":11,"minecraft:leave_game":11,"minecraft:time_since_death":154048,"minecraft:sprint_one_cm":1691370,"minecraft:damage_blocked_by_shield":2350,"minecraft:drop":96,"minecraft:talked_to_villager":8,"minecraft:play_time":858895,"minecraft:deaths":1,"minecraft:jump":8238,"minecraft:walk_on_water_one_cm":17856,"minecraft:enchant_item":10,"minecraft:interact_with_furnace":205,"minecraft:sleep_in_bed":24,"minecraft:damage_dealt":29538,"minecraft:player_kills":3,"minecraft:crouch_one_cm":179764,"minecraft:mob_kills":157,"minecraft:interact_with_anvil":2,"minecraft:climb_one_cm":19961,"minecraft:walk_one_cm":2283453,"minecraft:sneak_time":55152,"minecraft:walk_under_water_one_cm":9692,"minecraft:boat_one_cm":68551,"minecraft:total_world_time":858895,"minecraft:time_since_rest":154068,"minecraft:damage_taken":3742,"minecraft:swim_one_cm":133269,"minecraft:fly_one_cm":1581053,"minecraft:open_chest":259,"minecraft:fall_one_cm":214214}},"DataVersion":3120}