{"stats":{"minecraft:killed_by":{"minecraft:blaze":1},"minecraft:picked_up":{"minecraft:iron_chestplate":2,"minecraft:wheat":33,"minecraft:redstone_block":8,"minecraft:nether_brick_fence":56,"minecraft:anvil":1,"minecraft:smithing_table":5,"minecraft:diamond_sword":3,"minecraft:oak_stairs":44,"minecraft:stone_brick_stairs":80,"minecraft:brewing_stand":2,"minecraft:string":43,"minecraft:raw_copper":214,"minecraft:iron_leggings":3,"minecraft:sticky_piston":15,"minecraft:cobbled_deepslate":361,"minecraft:red_sand":2,"minecraft:gold_nugget":161,"minecraft:bucket":1,"minecraft:spruce_planks":9,"minecraft:redstone_torch":19,"minecraft:cobblestone_slab":52,"minecraft:ender_eye":7,"minecraft:iron_pickaxe":7,"minecraft:melon_slice":6,"minecraft:iron_boots":3,"minecraft:furnace":18,"minecraft:stick":63,"minecraft:acacia_fence":1,"minecraft:composter":5,"minecraft:brown_terracotta":243,"minecraft:oak_fence":13,"minecraft:torch":353,"minecraft:acacia_log":95,"minecraft:porkchop":13,"minecraft:pointed_dripstone":10,"minecraft:diorite":23,"minecraft:stone_sword":4,"minecraft:cactus":1,"minecraft:rotten_flesh":96,"minecraft:glowstone":22,"minecraft:white_terracotta":92,"minecraft:blaze_rod":65,"minecraft:obsidian":48,"minecraft:cobblestone":6151,"minecraft:birch_log":8,"minecraft:enchanting_table":4,"minecraft:leather_chestplate":2,"minecraft:repeater":11,"minecraft:feather":1,"minecraft:cooked_beef":16,"minecraft:magma_cream":8,"minecraft:water_bucket":1,"minecraft:andesite":6,"minecraft:potato":511,"minecraft:flint":15,"minecraft:tuff":70,"minecraft:dirt":2402,"minecraft:map":2,"minecraft:lapis_lazuli":190,"minecraft:bone":39,"minecraft:chipped_anvil":3,"minecraft:bow":4,"minecraft:stonecutter":2,"minecraft:wheat_seeds":304,"minecraft:raw_gold":19,"minecraft:bell":1,"minecraft:grindstone":1,"minecraft:mossy_stone_bricks":5,"minecraft:fletching_table":2,"minecraft:glowstone_dust":167,"minecraft:stone_hoe":1,"minecraft:oak_planks":108,"minecraft:cooked_porkchop":3,"minecraft:warped_wart_block":5,"minecraft:sand":916,"minecraft:grass_block":6,"minecraft:mossy_cobblestone":3,"minecraft:spruce_boat":2,"minecraft:diamond":30,"minecraft:lever":5,"minecraft:crossbow":3,"minecraft:granite":6,"minecraft:bone_meal":1,"minecraft:golden_apple":1,"minecraft:white_concrete":110,"minecraft:emerald":4,"minecraft:bread":49,"minecraft:oak_sapling":44,"minecraft:netherrack":1602,"minecraft:dark_oak_fence":8,"minecraft:diamond_pickaxe":4,"minecraft:crafting_table":14,"minecraft:nether_wart":327,"minecraft:redstone_lamp":10,"minecraft:chest_minecart":1,"minecraft:brown_mushroom":13,"minecraft:wooden_pickaxe":1,"minecraft:shield":4,"minecraft:oak_trapdoor":21,"minecraft:iron_axe":3,"minecraft:flint_and_steel":1,"minecraft:item_frame":14,"minecraft:blackstone":80,"minecraft:cracked_stone_bricks":4,"minecraft:beef":36,"minecraft:oak_boat":53,"minecraft:observer":5,"minecraft:poppy":10,"minecraft:minecart":32,"minecraft:spruce_slab":9,"minecraft:lectern":50,"minecraft:sugar_cane":248,"minecraft:chest":24,"minecraft:spruce_trapdoor":1,"minecraft:piston":15,"minecraft:phantom_membrane":3,"minecraft:egg":3,"minecraft:raw_iron":320,"minecraft:stone":15,"minecraft:oak_door":1,"minecraft:stone_button":2,"minecraft:carrot":1345,"minecraft:redstone":292,"minecraft:dark_oak_planks":2,"minecraft:stone_shovel":1,"minecraft:arrow":45,"minecraft:diamond_chestplate":1,"minecraft:nether_bricks":269,"minecraft:hay_block":147,"minecraft:gold_ingot":17,"minecraft:mutton":38,"minecraft:rail":481,"minecraft:white_wool":35,"minecraft:oxeye_daisy":1,"minecraft:stripped_oak_log":2,"minecraft:basalt":379,"minecraft:golden_carrot":24,"minecraft:leather":29,"minecraft:birch_planks":2,"minecraft:oak_log":460,"minecraft:ancient_debris":10,"minecraft:yellow_bed":1,"minecraft:gunpowder":10,"minecraft:cobblestone_stairs":69,"minecraft:orange_terracotta":4,"minecraft:cooked_mutton":2,"minecraft:apple":11,"minecraft:stone_bricks":352,"minecraft:stone_pickaxe":1,"minecraft:iron_ingot":36,"minecraft:iron_sword":3,"minecraft:acacia_sapling":8,"minecraft:soul_sand":20,"minecraft:book":561,"minecraft:scaffolding":158,"minecraft:oak_slab":6,"minecraft:dark_oak_slab":1,"minecraft:warped_fungus":2,"minecraft:stone_brick_slab":48,"minecraft:quartz":266,"minecraft:dandelion":4,"minecraft:spyglass":2,"minecraft:dripstone_block":7,"minecraft:gravel":126,"minecraft:spruce_sapling":57,"minecraft:white_bed":12,"minecraft:spruce_log":362,"minecraft:nether_brick_slab":4,"minecraft:spruce_door":2,"minecraft:spider_eye":2,"minecraft:diamond_shovel":4,"minecraft:stone_axe":1,"minecraft:iron_helmet":3,"minecraft:birch_sign":9,"minecraft:warped_roots":19,"minecraft:terracotta":1,"minecraft:baked_potato":25,"minecraft:warped_nylium":11,"minecraft:coal":1051,"minecraft:ender_pearl":29},"minecraft:mined":{"minecraft:dark_oak_planks":2,"minecraft:spruce_planks":1,"minecraft:white_bed":10,"minecraft:cobblestone_stairs":70,"minecraft:brewing_stand":2,"minecraft:obsidian":38,"minecraft:spruce_trapdoor":1,"minecraft:granite":6,"minecraft:red_sand":2,"minecraft:acacia_log":94,"minecraft:grass_block":1274,"minecraft:white_concrete":110,"minecraft:composter":5,"minecraft:nether_wart":129,"minecraft:spawner":1,"minecraft:tall_seagrass":1,"minecraft:glowstone":12,"minecraft:iron_ore":255,"minecraft:sticky_piston":15,"minecraft:fire":64,"minecraft:deepslate_lapis_ore":9,"minecraft:fletching_table":2,"minecraft:anvil":1,"minecraft:enchanting_table":4,"minecraft:pointed_dripstone":3,"minecraft:dirt_path":28,"minecraft:oak_stairs":44,"minecraft:birch_wall_sign":5,"minecraft:spruce_slab":6,"minecraft:piston_head":1,"minecraft:deepslate_redstone_ore":54,"minecraft:brown_mushroom":13,"minecraft:blackstone":69,"minecraft:orange_terracotta":4,"minecraft:torch":63,"minecraft:calcite":1,"minecraft:poppy":1,"minecraft:melon":1,"minecraft:chest":24,"minecraft:nether_brick_slab":5,"minecraft:nether_quartz_ore":221,"minecraft:glass":19,"minecraft:cobblestone":533,"minecraft:sugar_cane":127,"minecraft:grindstone":1,"minecraft:oak_planks":64,"minecraft:wall_torch":58,"minecraft:white_terracotta":92,"minecraft:warped_nylium":7,"minecraft:repeater":4,"minecraft:dark_oak_slab":1,"minecraft:wheat":27,"minecraft:warped_fungus":1,"minecraft:stone_brick_stairs":80,"minecraft:grass":1323,"minecraft:oak_log":432,"minecraft:acacia_fence":1,"minecraft:sand":793,"minecraft:dirt":815,"minecraft:stonecutter":2,"minecraft:ancient_debris":10,"minecraft:netherrack":3029,"minecraft:piston":14,"minecraft:oak_leaves":42,"minecraft:deepslate":381,"minecraft:redstone_lamp":10,"minecraft:nether_gold_ore":47,"minecraft:tuff":70,"minecraft:mossy_cobblestone":3,"minecraft:dark_oak_leaves":1,"minecraft:deepslate_diamond_ore":29,"minecraft:oak_door":1,"minecraft:lever":4,"minecraft:nether_bricks":148,"minecraft:dark_oak_fence":8,"minecraft:redstone_wire":10,"minecraft:spruce_leaves":79,"minecraft:hay_block":80,"minecraft:oak_trapdoor":20,"minecraft:spruce_sapling":4,"minecraft:furnace":18,"minecraft:carrots":369,"minecraft:andesite":13,"minecraft:nether_brick_fence":29,"minecraft:bookshelf":188,"minecraft:potatoes":140,"minecraft:rail":390,"minecraft:cobblestone_slab":73,"minecraft:deepslate_iron_ore":56,"minecraft:stripped_oak_log":2,"minecraft:stone":4914,"minecraft:redstone_wall_torch":8,"minecraft:smithing_table":5,"minecraft:oak_slab":4,"minecraft:acacia_leaves":19,"minecraft:scaffolding":3,"minecraft:redstone_block":8,"minecraft:glass_pane":1,"minecraft:soul_sand":20,"minecraft:infested_stone_bricks":3,"minecraft:basalt":400,"minecraft:stone_brick_slab":44,"minecraft:observer":5,"minecraft:dandelion":2,"minecraft:oak_fence":8,"minecraft:crafting_table":14,"minecraft:warped_roots":7,"minecraft:sculk_sensor":1,"minecraft:lectern":50,"minecraft:tall_grass":71,"minecraft:copper_ore":50,"minecraft:deepslate_gold_ore":19,"minecraft:lapis_ore":15,"minecraft:sculk":3,"minecraft:diorite":24,"minecraft:warped_wart_block":5,"minecraft:birch_planks":2,"minecraft:cactus":1,"minecraft:redstone_torch":3,"minecraft:spruce_log":264,"minecraft:yellow_bed":1,"minecraft:coal_ore":659,"minecraft:gravel":137,"minecraft:cobweb":24,"minecraft:brown_terracotta":244,"minecraft:cracked_stone_bricks":4,"minecraft:terracotta":1,"minecraft:stone_bricks":382,"minecraft:mossy_stone_bricks":11,"minecraft:chipped_anvil":3,"minecraft:infested_stone":1},"minecraft:crafted":{"minecraft:oak_planks":1538,"minecraft:smooth_stone":10,"minecraft:cobblestone_slab":360,"minecraft:blaze_powder":16,"minecraft:birch_boat":1,"minecraft:cobblestone_stairs":372,"minecraft:stone":1717,"minecraft:lever":7,"minecraft:diamond_shovel":1,"minecraft:bookshelf":17,"minecraft:cooked_mutton":5,"minecraft:glass":448,"minecraft:hopper":10,"minecraft:stone_brick_slab":228,"minecraft:repeater":8,"minecraft:diamond_helmet":6,"minecraft:bow":1,"minecraft:diamond_leggings":6,"minecraft:iron_boots":2,"minecraft:chest":83,"minecraft:rail":32,"minecraft:stone_hoe":2,"minecraft:ender_eye":14,"minecraft:stone_bricks":1512,"minecraft:glass_bottle":39,"minecraft:redstone_lamp":25,"minecraft:item_frame":7,"minecraft:oak_slab":24,"minecraft:emerald":192,"minecraft:arrow":288,"minecraft:diamond_axe":6,"minecraft:crafting_table":19,"minecraft:spruce_planks":296,"minecraft:wooden_pickaxe":2,"minecraft:baked_potato":105,"minecraft:iron_helmet":3,"minecraft:spruce_door":3,"minecraft:chainmail_chestplate":8,"minecraft:smithing_table":1,"minecraft:sticky_piston":10,"minecraft:fletching_table":1,"minecraft:birch_planks":184,"minecraft:brewing_stand":1,"minecraft:stone_brick_stairs":152,"minecraft:spruce_trapdoor":8,"minecraft:lectern":1,"minecraft:book":16,"minecraft:iron_chestplate":2,"minecraft:paper":117,"minecraft:diamond_pickaxe":9,"minecraft:shield":6,"minecraft:stick":2280,"minecraft:iron_ingot":400,"minecraft:iron_pickaxe":15,"minecraft:iron_block":78,"minecraft:stone_sword":1,"minecraft:gold_ingot":58,"minecraft:redstone_torch":34,"minecraft:netherite_ingot":2,"minecraft:composter":2,"minecraft:golden_carrot":1,"minecraft:nether_brick_slab":6,"minecraft:redstone":189,"minecraft:stone_shovel":2,"minecraft:diamond_hoe":3,"minecraft:furnace":10,"minecraft:stone_button":1,"minecraft:blast_furnace":1,"minecraft:piston":23,"minecraft:bone_meal":105,"minecraft:oak_trapdoor":8,"minecraft:flint_and_steel":1,"minecraft:white_concrete_powder":104,"minecraft:iron_axe":3,"minecraft:ladder":12,"minecraft:iron_hoe":2,"minecraft:spruce_slab":48,"minecraft:slime_ball":36,"minecraft:stone_pickaxe":5,"minecraft:diamond_boots":6,"minecraft:spruce_boat":1,"minecraft:redstone_block":39,"minecraft:netherite_scrap":8,"minecraft:dark_oak_planks":8,"minecraft:birch_sign":9,"minecraft:minecart":5,"minecraft:observer":10,"minecraft:wheat":712,"minecraft:cooked_beef":9,"minecraft:sugar":1,"minecraft:netherite_pickaxe":1,"minecraft:diamond_sword":2,"minecraft:spruce_sign":3,"minecraft:enchanting_table":1,"minecraft:iron_sword":1,"minecraft:bucket":3,"minecraft:stone_axe":22,"minecraft:glowstone":41,"minecraft:enchanted_book":1,"minecraft:bread":240,"minecraft:air":0,"minecraft:oak_boat":4,"minecraft:golden_apple":2,"minecraft:white_dye":64,"minecraft:fermented_spider_eye":1,"minecraft:birch_trapdoor":2,"minecraft:iron_leggings":12,"minecraft:anvil":4,"minecraft:white_bed":7,"minecraft:acacia_planks":248,"minecraft:torch":1376,"minecraft:diamond_chestplate":6,"minecraft:firework_rocket":54},"minecraft:dropped":{"minecraft:iron_sword":3,"minecraft:birch_planks":1,"minecraft:porkchop":10,"minecraft:diamond_axe":3,"minecraft:lapis_lazuli":13,"minecraft:warped_fungus":2,"minecraft:oak_log":5,"minecraft:baked_potato":15,"minecraft:diamond":1,"minecraft:crossbow":4,"minecraft:warped_roots":16,"minecraft:rail":17,"minecraft:item_frame":1,"minecraft:dirt":301,"minecraft:stone_button":2,"minecraft:mutton":2,"minecraft:sand":6,"minecraft:iron_pickaxe":8,"minecraft:dark_oak_planks":2,"minecraft:birch_log":1,"minecraft:gold_ingot":54,"minecraft:stone_axe":22,"minecraft:blackstone":10,"minecraft:gravel":1,"minecraft:spyglass":1,"minecraft:wheat":1,"minecraft:pointed_dripstone":2,"minecraft:rotten_flesh":60,"minecraft:oak_planks":19,"minecraft:diamond_shovel":1,"minecraft:white_bed":1,"minecraft:carrot":176,"minecraft:chainmail_chestplate":8,"minecraft:poppy":10,"minecraft:leather_chestplate":2,"minecraft:beetroot_seeds":3,"minecraft:melon_seeds":4,"minecraft:acacia_sapling":7,"minecraft:arrow":20,"minecraft:warped_wart_block":5,"minecraft:netherrack":124,"minecraft:egg":1,"minecraft:iron_ingot":53,"minecraft:bread":10,"minecraft:wheat_seeds":160,"minecraft:minecart":1,"minecraft:dripstone_block":2,"minecraft:diamond_leggings":4,"minecraft:feather":2,"minecraft:oak_fence":5,"minecraft:iron_helmet":2,"minecraft:cobblestone":62,"minecraft:granite":1,"minecraft:music_disc_pigstep":1,"minecraft:spruce_door":2,"minecraft:acacia_log":22,"minecraft:grass_block":1,"minecraft:coal":21,"minecraft:stick":2,"minecraft:oxeye_daisy":1,"minecraft:iron_block":7,"minecraft:milk_bucket":1,"minecraft:golden_carrot":24,"minecraft:torch":6,"minecraft:white_concrete":52,"minecraft:map":2,"minecraft:diamond_helmet":4,"minecraft:iron_leggings":13,"minecraft:brown_terracotta":1,"minecraft:golden_hoe":1,"minecraft:iron_axe":2,"minecraft:string":43,"minecraft:bucket":1,"minecraft:dandelion":4,"minecraft:warped_nylium":11,"minecraft:oak_trapdoor":16,"minecraft:stone_sword":4,"minecraft:blaze_rod":24,"minecraft:raw_copper":41,"minecraft:diamond_hoe":3,"minecraft:tuff":51,"minecraft:raw_iron":2,"minecraft:iron_boots":2,"minecraft:diamond_sword":1,"minecraft:potato":62,"minecraft:hay_block":8,"minecraft:shield":2,"minecraft:diamond_chestplate":4,"minecraft:orange_terracotta":4,"minecraft:mossy_stone_bricks":4,"minecraft:diamond_pickaxe":6,"minecraft:iron_chestplate":2,"minecraft:andesite":1,"minecraft:yellow_bed":1,"minecraft:golden_leggings":1,"minecraft:oak_sapling":1,"minecraft:stone_bricks":4,"minecraft:diamond_boots":4,"minecraft:red_sand":2,"minecraft:bow":1,"minecraft:stone_pickaxe":2,"minecraft:wooden_pickaxe":1},"minecraft:custom":{"minecraft:animals_bred":1,"minecraft:interact_with_crafting_table":222,"minecraft:open_barrel":6,"minecraft:bell_ring":11,"minecraft:leave_game":24,"minecraft:time_since_death":1438868,"minecraft:sprint_one_cm":5174370,"minecraft:damage_blocked_by_shield":9080,"minecraft:drop":369,"minecraft:talked_to_villager":158,"minecraft:play_time":2655357,"minecraft:deaths":2,"minecraft:jump":27959,"minecraft:interact_with_brewingstand":7,"minecraft:walk_on_water_one_cm":119381,"minecraft:enchant_item":23,"minecraft:interact_with_furnace":437,"minecraft:traded_with_villager":291,"minecraft:sleep_in_bed":45,"minecraft:damage_dealt":99578,"minecraft:player_kills":5,"minecraft:crouch_one_cm":474935,"minecraft:interact_with_smoker":4,"minecraft:interact_with_smithing_table":8,"minecraft:mob_kills":574,"minecraft:interact_with_anvil":22,"minecraft:climb_one_cm":52709,"minecraft:walk_one_cm":5863349,"minecraft:sneak_time":141502,"minecraft:walk_under_water_one_cm":84315,"minecraft:boat_one_cm":417885,"minecraft:total_world_time":2655357,"minecraft:interact_with_stonecutter":3,"minecraft:time_since_rest":175578,"minecraft:damage_taken":12522,"minecraft:swim_one_cm":692418,"minecraft:fly_one_cm":6856748,"minecraft:open_chest":1058,"minecraft:fall_one_cm":718812},"minecraft:killed":{"minecraft:cave_spider":3,"minecraft:spider":12,"minecraft:skeleton":37,"minecraft:silverfish":11,"minecraft:magma_cube":54,"minecraft:piglin":10,"minecraft:pig":6,"minecraft:zombie_villager":3,"minecraft:iron_golem":7,"minecraft:creeper":13,"minecraft:sheep":16,"minecraft:pillager":16,"minecraft:zombie":95,"minecraft:blaze":190,"minecraft:cow":19,"minecraft:phantom":12,"minecraft:drowned":4,"minecraft:husk":1,"minecraft:wither_skeleton":6,"minecraft:enderman":43},"minecraft:broken":{"minecraft:stone_pickaxe":3,"minecraft:diamond_pickaxe":1,"minecraft:stone_axe":1,"minecraft:stone_shovel":2,"minecraft:stone_sword":1,"minecraft:stone_hoe":1,"minecraft:shield":1,"minecraft:iron_axe":2,"minecraft:iron_pickaxe":9},"minecraft:used":{"minecraft:spruce_slab":30,"minecraft:ladder":9,"minecraft:white_concrete_powder":104,"minecraft:chest":97,"minecraft:shield":204,"minecraft:stone":179,"minecraft:iron_sword":154,"minecraft:nether_wart":129,"minecraft:soul_sand":20,"minecraft:nether_bricks":1,"minecraft:carrot":723,"minecraft:tuff":9,"minecraft:obsidian":10,"minecraft:spruce_boat":2,"minecraft:glass":285,"minecraft:lava_bucket":8,"minecraft:dark_oak_slab":1,"minecraft:stone_brick_stairs":217,"minecraft:stone_bricks":1262,"minecraft:item_frame":20,"minecraft:birch_trapdoor":1,"minecraft:repeater":19,"minecraft:redstone_lamp":34,"minecraft:bow":72,"minecraft:scaffolding":30,"minecraft:furnace":24,"minecraft:acacia_fence":1,"minecraft:potato":67,"minecraft:mossy_stone_bricks":1,"minecraft:diorite":4,"minecraft:spruce_door":3,"minecraft:stone_pickaxe":443,"minecraft:oak_planks":14,"minecraft:blackstone":5,"minecraft:cactus":1,"minecraft:wooden_pickaxe":59,"minecraft:redstone_block":16,"minecraft:composter":6,"minecraft:diamond_axe":402,"minecraft:sugar_cane":26,"minecraft:sand":8,"minecraft:blast_furnace":1,"minecraft:crossbow":2,"minecraft:dripstone_block":5,"minecraft:redstone_torch":36,"minecraft:sticky_piston":25,"minecraft:lever":9,"minecraft:firework_rocket":1,"minecraft:bread":239,"minecraft:stone_button":1,"minecraft:lectern":51,"minecraft:gravel":10,"minecraft:diamond_sword":1676,"minecraft:grindstone":1,"minecraft:smithing_table":6,"minecraft:oak_boat":51,"minecraft:white_concrete":6,"minecraft:bone_meal":15,"minecraft:experience_bottle":2,"minecraft:oak_trapdoor":9,"minecraft:netherite_sword":141,"minecraft:stone_sword":177,"minecraft:enchanting_table":5,"minecraft:flint_and_steel":1,"minecraft:stone_shovel":267,"minecraft:redstone":57,"minecraft:spruce_planks":32,"minecraft:stone_hoe":41,"minecraft:netherrack":495,"minecraft:torch":1544,"minecraft:brewing_stand":3,"minecraft:spyglass":7,"minecraft:dirt":2391,"minecraft:anvil":5,"minecraft:hopper":10,"minecraft:nether_brick_slab":9,"minecraft:iron_hoe":93,"minecraft:stone_brick_slab":243,"minecraft:dark_oak_planks":2,"minecraft:brown_terracotta":88,"minecraft:chipped_anvil":3,"minecraft:bookshelf":16,"minecraft:iron_axe":787,"minecraft:glowstone":3,"minecraft:basalt":74,"minecraft:minecart":31,"minecraft:netherite_pickaxe":1754,"minecraft:cooked_beef":2,"minecraft:observer":15,"minecraft:pointed_dripstone":2,"minecraft:wheat_seeds":67,"minecraft:cooked_mutton":5,"minecraft:water_bucket":56,"minecraft:cobblestone_stairs":294,"minecraft:birch_planks":2,"minecraft:glass_bottle":26,"minecraft:baked_potato":114,"minecraft:birch_boat":1,"minecraft:spruce_sign":4,"minecraft:stonecutter":2,"minecraft:fletching_table":3,"minecraft:cobblestone_slab":372,"minecraft:cracked_stone_bricks":4,"minecraft:rail":396,"minecraft:terracotta":1,"minecraft:crafting_table":33,"minecraft:oak_slab":1,"minecraft:birch_sign":18,"minecraft:white_bed":15,"minecraft:spruce_log":133,"minecraft:oak_log":33,"minecraft:piston":28,"minecraft:ender_eye":20,"minecraft:diamond_pickaxe":7578,"minecraft:diamond_shovel":2655,"minecraft:iron_pickaxe":2936,"minecraft:spruce_trapdoor":4,"minecraft:spruce_sapling":30,"minecraft:stone_axe":181,"minecraft:cobblestone":1580,"minecraft:bucket":65,"minecraft:stripped_oak_log":2,"minecraft:splash_potion":3}},"DataVersion":3120}