{"stats":{"minecraft:killed_by":{"minecraft:zombie":1},"minecraft:picked_up":{"minecraft:birch_log":21,"minecraft:birch_door":1,"minecraft:acacia_log":1,"minecraft:sand":55,"minecraft:oak_log":58,"minecraft:carrot":41,"minecraft:spider_eye":1,"minecraft:string":1,"minecraft:dirt":38,"minecraft:wheat_seeds":4,"minecraft:chainmail_leggings":1,"minecraft:oak_planks":1,"minecraft:mutton":4,"minecraft:iron_sword":2,"minecraft:white_wool":3},"minecraft:mined":{"minecraft:acacia_leaves":1,"minecraft:carrots":12,"minecraft:birch_log":21,"minecraft:birch_leaves":3,"minecraft:birch_door":1,"minecraft:grass":22,"minecraft:acacia_log":1,"minecraft:grass_block":38,"minecraft:oak_log":59,"minecraft:sand":56,"minecraft:tall_grass":1,"minecraft:oak_planks":1,"minecraft:oak_leaves":10},"minecraft:crafted":{"minecraft:oak_planks":28,"minecraft:iron_boots":1,"minecraft:iron_chestplate":1,"minecraft:iron_axe":1,"minecraft:crafting_table":1,"minecraft:stick":8,"minecraft:iron_pickaxe":1,"minecraft:iron_leggings":1,"minecraft:iron_sword":1,"minecraft:iron_shovel":1,"minecraft:white_bed":1,"minecraft:acacia_planks":4,"minecraft:birch_planks":44},"minecraft:dropped":{"minecraft:iron_sword":1},"minecraft:custom":{"minecraft:time_since_rest":2755,"minecraft:interact_with_furnace":2,"minecraft:sprint_one_cm":268019,"minecraft:damage_taken":1464,"minecraft:walk_one_cm":181622,"minecraft:mob_kills":7,"minecraft:drop":1,"minecraft:damage_dealt":1154,"minecraft:interact_with_crafting_table":16,"minecraft:fly_one_cm":50694,"minecraft:open_chest":19,"minecraft:crouch_one_cm":3345,"minecraft:play_time":102477,"minecraft:deaths":1,"minecraft:sneak_time":476,"minecraft:walk_under_water_one_cm":272,"minecraft:jump":757,"minecraft:leave_game":1,"minecraft:walk_on_water_one_cm":3605,"minecraft:time_since_death":80629,"minecraft:sleep_in_bed":1,"minecraft:interact_with_smoker":1,"minecraft:climb_one_cm":572,"minecraft:total_world_time":102477,"minecraft:fall_one_cm":15325},"minecraft:killed":{"minecraft:sheep":3,"minecraft:zombie":2,"minecraft:spider":2},"minecraft:used":{"minecraft:birch_door":3,"minecraft:oak_log":37,"minecraft:iron_shovel":91,"minecraft:birch_planks":39,"minecraft:iron_axe":81,"minecraft:oak_planks":17,"minecraft:iron_sword":28,"minecraft:crafting_table":1,"minecraft:carrot":37,"minecraft:birch_log":1,"minecraft:white_bed":1,"minecraft:chainmail_leggings":1}},"DataVersion":3120}