{"stats":{"minecraft:crafted":{"minecraft:oak_planks":644,"minecraft:stone_shovel":4,"minecraft:melon":6,"minecraft:furnace":4,"minecraft:cobblestone_stairs":68,"minecraft:flint_and_steel":1,"minecraft:glass":33,"minecraft:spruce_stairs":8,"minecraft:ladder":93,"minecraft:spruce_slab":6,"minecraft:stone_pickaxe":7,"minecraft:chest":48,"minecraft:oak_slab":138,"minecraft:cooked_porkchop":31,"minecraft:crafting_table":2,"minecraft:spruce_planks":32,"minecraft:wooden_pickaxe":1,"minecraft:baked_potato":128,"minecraft:bucket":2,"minecraft:stone_axe":4,"minecraft:acacia_boat":1,"minecraft:air":0,"minecraft:oak_boat":1,"minecraft:wooden_hoe":1,"minecraft:charcoal":1,"minecraft:shield":3,"minecraft:stick":232,"minecraft:iron_ingot":47,"minecraft:iron_pickaxe":2,"minecraft:wooden_axe":1,"minecraft:stone_sword":3,"minecraft:white_bed":2,"minecraft:composter":1,"minecraft:acacia_planks":12},"minecraft:used":{"minecraft:oak_trapdoor":14,"minecraft:stone_sword":234,"minecraft:melon":6,"minecraft:flint_and_steel":2,"minecraft:stone_shovel":658,"minecraft:spruce_slab":1,"minecraft:poppy":20,"minecraft:ladder":94,"minecraft:chest":64,"minecraft:shield":7,"minecraft:iron_sword":10,"minecraft:netherrack":14,"minecraft:oak_door":2,"minecraft:torch":20,"minecraft:dirt":147,"minecraft:mutton":13,"minecraft:nether_bricks":1,"minecraft:spruce_stairs":9,"minecraft:carrot":70,"minecraft:acacia_sapling":3,"minecraft:tuff":21,"minecraft:obsidian":12,"minecraft:glass":24,"minecraft:wooden_axe":65,"minecraft:lava_bucket":33,"minecraft:oak_stairs":11,"minecraft:stone_bricks":2,"minecraft:bamboo":14,"minecraft:basalt":55,"minecraft:beef":1,"minecraft:hay_block":21,"minecraft:oak_sapling":58,"minecraft:furnace":9,"minecraft:beetroot_seeds":48,"minecraft:egg":4,"minecraft:potato":142,"minecraft:cobbled_deepslate":7,"minecraft:pumpkin":15,"minecraft:wheat_seeds":154,"minecraft:acacia_boat":1,"minecraft:water_bucket":13,"minecraft:cobblestone_stairs":69,"minecraft:stone_pickaxe":993,"minecraft:baked_potato":61,"minecraft:oak_planks":60,"minecraft:composter":1,"minecraft:wooden_pickaxe":59,"minecraft:stonecutter":1,"minecraft:mossy_cobblestone":2,"minecraft:rail":1,"minecraft:oak_slab":151,"minecraft:crafting_table":12,"minecraft:crossbow":11,"minecraft:white_bed":10,"minecraft:spruce_log":2,"minecraft:oak_log":79,"minecraft:wooden_hoe":23,"minecraft:diamond_pickaxe":26,"minecraft:bread":5,"minecraft:iron_pickaxe":435,"minecraft:spruce_sapling":5,"minecraft:acacia_fence_gate":1,"minecraft:stone_axe":449,"minecraft:cobblestone":237,"minecraft:cooked_porkchop":14,"minecraft:porkchop":21,"minecraft:bucket":47,"minecraft:yellow_bed":1,"minecraft:oak_boat":2,"minecraft:air":1,"minecraft:dandelion":4},"minecraft:picked_up":{"minecraft:cocoa_beans":27,"minecraft:iron_chestplate":1,"minecraft:crafting_table":11,"minecraft:wheat":179,"minecraft:ladder":1,"minecraft:brown_mushroom":2,"minecraft:wooden_pickaxe":1,"minecraft:oak_stairs":11,"minecraft:shield":6,"minecraft:string":5,"minecraft:oak_trapdoor":14,"minecraft:raw_copper":22,"minecraft:iron_leggings":1,"minecraft:beetroot":40,"minecraft:gold_nugget":5,"minecraft:cobbled_deepslate":103,"minecraft:bucket":1,"minecraft:beef":10,"minecraft:acacia_fence_gate":1,"minecraft:oak_boat":2,"minecraft:jungle_sapling":2,"minecraft:poppy":53,"minecraft:iron_pickaxe":5,"minecraft:melon_slice":60,"minecraft:sugar_cane":323,"minecraft:chest":16,"minecraft:birch_sapling":13,"minecraft:iron_boots":1,"minecraft:egg":8,"minecraft:furnace":5,"minecraft:stick":76,"minecraft:raw_iron":53,"minecraft:oak_door":2,"minecraft:torch":22,"minecraft:acacia_log":3,"minecraft:spruce_stairs":1,"minecraft:porkchop":91,"minecraft:diorite":8,"minecraft:carrot":437,"minecraft:redstone":156,"minecraft:stone_shovel":1,"minecraft:arrow":31,"minecraft:stone_sword":7,"minecraft:rotten_flesh":36,"minecraft:beetroot_seeds":82,"minecraft:nether_bricks":1,"minecraft:hay_block":29,"minecraft:obsidian":28,"minecraft:mutton":13,"minecraft:rail":17,"minecraft:white_wool":9,"minecraft:cobblestone":1472,"minecraft:birch_log":44,"minecraft:feather":1,"minecraft:basalt":55,"minecraft:magma_cream":1,"minecraft:leather":10,"minecraft:red_mushroom":6,"minecraft:potato":367,"minecraft:flint":4,"minecraft:tuff":25,"minecraft:oak_log":479,"minecraft:yellow_bed":1,"minecraft:cobblestone_stairs":1,"minecraft:gunpowder":2,"minecraft:acacia_boat":1,"minecraft:lapis_lazuli":36,"minecraft:map":2,"minecraft:wooden_hoe":1,"minecraft:dirt":998,"minecraft:bone":19,"minecraft:glass":2,"minecraft:apple":11,"minecraft:stone_bricks":2,"minecraft:bow":1,"minecraft:stonecutter":1,"minecraft:wheat_seeds":530,"minecraft:raw_gold":21,"minecraft:bell":4,"minecraft:stone_pickaxe":3,"minecraft:iron_ingot":2,"minecraft:glowstone_dust":264,"minecraft:bamboo":22,"minecraft:acacia_sapling":3,"minecraft:iron_sword":1,"minecraft:oak_planks":130,"minecraft:oak_slab":82,"minecraft:smooth_basalt":4,"minecraft:cooked_porkchop":41,"minecraft:pumpkin":29,"minecraft:poisonous_potato":3,"minecraft:dandelion":6,"minecraft:gravel":18,"minecraft:sand":1,"minecraft:amethyst_shard":164,"minecraft:spruce_sapling":31,"minecraft:grass_block":1,"minecraft:white_bed":10,"minecraft:spruce_log":75,"minecraft:spider_eye":1,"minecraft:mossy_cobblestone":2,"minecraft:diamond":6,"minecraft:stone_axe":2,"minecraft:iron_helmet":1,"minecraft:crossbow":4,"minecraft:bone_meal":6,"minecraft:bread":10,"minecraft:emerald":2,"minecraft:baked_potato":128,"minecraft:oak_sapling":58,"minecraft:netherrack":14,"minecraft:coal":129,"minecraft:diamond_pickaxe":2},"minecraft:mined":{"minecraft:tuff":25,"minecraft:white_bed":10,"minecraft:mossy_cobblestone":2,"minecraft:deepslate_diamond_ore":6,"minecraft:cobblestone_stairs":1,"minecraft:jungle_leaves":77,"minecraft:obsidian":22,"minecraft:nether_bricks":1,"minecraft:ladder":1,"minecraft:acacia_log":3,"minecraft:grass_block":504,"minecraft:spruce_leaves":83,"minecraft:red_mushroom":6,"minecraft:hay_block":21,"minecraft:glowstone":48,"minecraft:furnace":5,"minecraft:carrots":90,"minecraft:iron_ore":7,"minecraft:fire":6,"minecraft:pumpkin":31,"minecraft:deepslate_lapis_ore":5,"minecraft:potatoes":76,"minecraft:deepslate_iron_ore":43,"minecraft:dirt_path":21,"minecraft:vine":2,"minecraft:rail":17,"minecraft:oak_stairs":11,"minecraft:bamboo":4,"minecraft:stone":782,"minecraft:deepslate_redstone_ore":28,"minecraft:oak_slab":20,"minecraft:brown_mushroom":1,"minecraft:glass_pane":1,"minecraft:amethyst_cluster":41,"minecraft:basalt":58,"minecraft:dandelion":3,"minecraft:crafting_table":11,"minecraft:torch":7,"minecraft:poppy":4,"minecraft:melon":16,"minecraft:chest":16,"minecraft:copper_ore":2,"minecraft:tall_grass":17,"minecraft:cobblestone":217,"minecraft:deepslate_gold_ore":16,"minecraft:sugar_cane":105,"minecraft:oak_planks":12,"minecraft:diorite":8,"minecraft:wall_torch":4,"minecraft:deepslate_copper_ore":4,"minecraft:spruce_stairs":1,"minecraft:acacia_fence_gate":1,"minecraft:birch_log":44,"minecraft:wheat":131,"minecraft:spruce_log":77,"minecraft:yellow_bed":1,"minecraft:grass":285,"minecraft:coal_ore":90,"minecraft:oak_log":345,"minecraft:beetroots":16,"minecraft:cocoa":9,"minecraft:gravel":1,"minecraft:dirt":380,"minecraft:cobweb":2,"minecraft:smooth_basalt":4,"minecraft:stone_bricks":1,"minecraft:stonecutter":1,"minecraft:netherrack":5,"minecraft:oak_leaves":43,"minecraft:deepslate":100},"minecraft:dropped":{"minecraft:wheat_seeds":73,"minecraft:baked_potato":1,"minecraft:cooked_porkchop":3,"minecraft:crossbow":1,"minecraft:cobblestone":803,"minecraft:leather":4,"minecraft:dirt":123,"minecraft:bone_meal":1,"minecraft:sand":1,"minecraft:iron_pickaxe":2,"minecraft:spruce_sapling":26,"minecraft:redstone":10,"minecraft:obsidian":16,"minecraft:rotten_flesh":3,"minecraft:glowstone_dust":126,"minecraft:white_bed":1,"minecraft:poppy":1,"minecraft:hay_block":8,"minecraft:shield":1,"minecraft:diamond_pickaxe":2,"minecraft:spruce_log":64,"minecraft:glass":11,"minecraft:stone_pickaxe":2},"minecraft:broken":{"minecraft:wooden_pickaxe":1,"minecraft:stone_pickaxe":8,"minecraft:stone_axe":2,"minecraft:iron_pickaxe":1,"minecraft:wooden_axe":1,"minecraft:crossbow":1,"minecraft:stone_shovel":5},"minecraft:killed":{"minecraft:zombified_piglin":1,"minecraft:witch":1,"minecraft:spider":1,"minecraft:horse":3,"minecraft:skeleton":10,"minecraft:skeleton_horse":2,"minecraft:magma_cube":12,"minecraft:piglin":1,"minecraft:pig":43,"minecraft:sheep":9,"minecraft:zombie":8,"minecraft:blaze":1,"minecraft:cow":6},"minecraft:custom":{"minecraft:mob_kills":97,"minecraft:animals_bred":1,"minecraft:interact_with_crafting_table":59,"minecraft:leave_game":3,"minecraft:time_since_death":54392,"minecraft:climb_one_cm":51607,"minecraft:sprint_one_cm":2052560,"minecraft:walk_one_cm":1307700,"minecraft:damage_blocked_by_shield":325,"minecraft:drop":84,"minecraft:play_time":479873,"minecraft:deaths":12,"minecraft:sneak_time":23687,"minecraft:walk_under_water_one_cm":19245,"minecraft:boat_one_cm":118563,"minecraft:interact_with_brewingstand":1,"minecraft:jump":6050,"minecraft:walk_on_water_one_cm":32099,"minecraft:enchant_item":2,"minecraft:total_world_time":479873,"minecraft:interact_with_furnace":53,"minecraft:sleep_in_bed":19,"minecraft:time_since_rest":54412,"minecraft:damage_taken":5799,"minecraft:damage_dealt":11506,"minecraft:swim_one_cm":82810,"minecraft:fly_one_cm":918707,"minecraft:open_chest":205,"minecraft:crouch_one_cm":70322,"minecraft:interact_with_smoker":1,"minecraft:fall_one_cm":117373,"minecraft:horse_one_cm":308},"minecraft:killed_by":{"minecraft:player":3,"minecraft:creeper":1,"minecraft:skeleton":1,"minecraft:blaze":1,"minecraft:zombie":2}},"DataVersion":3120}