{"stats":{"minecraft:killed_by":{"minecraft:creeper":2,"minecraft:magma_cube":2,"minecraft:blaze":1,"minecraft:zombie":4,"minecraft:player":3,"minecraft:enderman":2,"minecraft:skeleton":2},"minecraft:picked_up":{"minecraft:iron_chestplate":7,"minecraft:wheat":280,"minecraft:oak_stairs":11,"minecraft:string":68,"minecraft:raw_copper":84,"minecraft:iron_leggings":7,"minecraft:beetroot":72,"minecraft:diamond_leggings":1,"minecraft:gold_nugget":5,"minecraft:cobbled_deepslate":363,"minecraft:bucket":2,"minecraft:acacia_fence_gate":1,"minecraft:rose_bush":1,"minecraft:ender_eye":8,"minecraft:iron_pickaxe":21,"minecraft:melon_slice":60,"minecraft:iron_boots":8,"minecraft:furnace":5,"minecraft:stick":114,"minecraft:oak_fence":1,"minecraft:torch":63,"minecraft:acacia_log":3,"minecraft:spruce_stairs":1,"minecraft:porkchop":161,"minecraft:golden_axe":2,"minecraft:music_disc_pigstep":3,"minecraft:pointed_dripstone":38,"minecraft:diorite":13,"minecraft:stone_sword":8,"minecraft:rotten_flesh":81,"minecraft:obsidian":34,"minecraft:cobblestone":1718,"minecraft:birch_log":108,"minecraft:magma_block":10,"minecraft:feather":24,"minecraft:cooked_beef":5,"minecraft:magma_cream":1,"minecraft:water_bucket":1,"minecraft:andesite":5,"minecraft:golden_leggings":1,"minecraft:potato":571,"minecraft:flint":8,"minecraft:tuff":27,"minecraft:acacia_boat":1,"minecraft:stripped_birch_log":1,"minecraft:dirt":1178,"minecraft:map":2,"minecraft:lapis_lazuli":246,"minecraft:bone":32,"minecraft:glass":2,"minecraft:bow":4,"minecraft:stonecutter":1,"minecraft:wheat_seeds":857,"minecraft:raw_gold":45,"minecraft:bell":4,"minecraft:diamond_helmet":1,"minecraft:bamboo":390,"minecraft:glowstone_dust":264,"minecraft:oak_planks":258,"minecraft:cooked_porkchop":43,"minecraft:music_disc_13":1,"minecraft:warped_wart_block":2,"minecraft:poisonous_potato":5,"minecraft:sand":1,"minecraft:grass_block":6,"minecraft:mossy_cobblestone":2,"minecraft:diamond":7,"minecraft:crossbow":4,"minecraft:granite":7,"minecraft:bone_meal":7,"minecraft:golden_apple":2,"minecraft:emerald":2,"minecraft:bread":21,"minecraft:oak_sapling":67,"minecraft:netherrack":69,"minecraft:diamond_pickaxe":7,"minecraft:cocoa_beans":27,"minecraft:crafting_table":18,"minecraft:chicken":19,"minecraft:ladder":1,"minecraft:brown_mushroom":2,"minecraft:wooden_pickaxe":1,"minecraft:shield":12,"minecraft:oak_trapdoor":14,"minecraft:flint_and_steel":2,"minecraft:item_frame":1,"minecraft:blackstone":1,"minecraft:beef":94,"minecraft:oak_boat":3,"minecraft:jungle_sapling":2,"minecraft:poppy":55,"minecraft:sugar_cane":323,"minecraft:chest":19,"minecraft:birch_sapling":16,"minecraft:phantom_membrane":2,"minecraft:diamond_hoe":4,"minecraft:egg":8,"minecraft:raw_iron":371,"minecraft:oak_door":2,"minecraft:fire_charge":2,"minecraft:carrot":496,"minecraft:redstone":517,"minecraft:stone_shovel":1,"minecraft:diamond_chestplate":1,"minecraft:arrow":50,"minecraft:beetroot_seeds":168,"minecraft:golden_hoe":2,"minecraft:peony":2,"minecraft:nether_bricks":1,"minecraft:diamond_boots":1,"minecraft:hay_block":29,"minecraft:gold_ingot":53,"minecraft:mutton":19,"minecraft:rail":18,"minecraft:white_wool":12,"minecraft:basalt":55,"minecraft:golden_carrot":24,"minecraft:glow_ink_sac":3,"minecraft:leather":73,"minecraft:red_mushroom":6,"minecraft:crimson_fungus":1,"minecraft:oak_log":634,"minecraft:yellow_bed":1,"minecraft:gunpowder":2,"minecraft:cobblestone_stairs":1,"minecraft:wooden_hoe":1,"minecraft:stone_bricks":2,"minecraft:apple":15,"minecraft:kelp":10,"minecraft:warped_stem":25,"minecraft:iron_ingot":34,"minecraft:stone_pickaxe":5,"minecraft:acacia_sapling":3,"minecraft:iron_sword":4,"minecraft:oak_slab":82,"minecraft:smooth_basalt":4,"minecraft:warped_fungus":3,"minecraft:pumpkin":29,"minecraft:stone_brick_slab":2,"minecraft:dandelion":6,"minecraft:dripstone_block":9,"minecraft:gravel":43,"minecraft:amethyst_shard":164,"minecraft:spruce_sapling":38,"minecraft:white_bed":13,"minecraft:spruce_log":88,"minecraft:mossy_stone_brick_slab":4,"minecraft:spider_eye":1,"minecraft:stone_axe":15,"minecraft:iron_helmet":7,"minecraft:diamond_axe":4,"minecraft:oak_button":1,"minecraft:baked_potato":179,"minecraft:black_wool":3,"minecraft:coal":418,"minecraft:sunflower":1,"minecraft:ender_pearl":6},"minecraft:mined":{"minecraft:white_bed":12,"minecraft:mossy_stone_brick_slab":2,"minecraft:cobblestone_stairs":1,"minecraft:jungle_leaves":77,"minecraft:obsidian":22,"minecraft:granite":6,"minecraft:acacia_log":3,"minecraft:grass_block":515,"minecraft:crimson_fungus":1,"minecraft:spawner":1,"minecraft:tall_seagrass":3,"minecraft:magma_block":4,"minecraft:glowstone":48,"minecraft:fire":6,"minecraft:iron_ore":177,"minecraft:cobbled_deepslate":1,"minecraft:pumpkin":31,"minecraft:deepslate_lapis_ore":15,"minecraft:pointed_dripstone":2,"minecraft:dirt_path":21,"minecraft:oak_stairs":11,"minecraft:deepslate_redstone_ore":97,"minecraft:brown_mushroom":1,"minecraft:blackstone":1,"minecraft:amethyst_cluster":41,"minecraft:torch":16,"minecraft:poppy":5,"minecraft:melon":16,"minecraft:chest":19,"minecraft:cobblestone":217,"minecraft:sugar_cane":105,"minecraft:oak_planks":83,"minecraft:wall_torch":14,"minecraft:deepslate_copper_ore":4,"minecraft:seagrass":2,"minecraft:warped_nylium":3,"minecraft:birch_log":107,"minecraft:wheat":235,"minecraft:warped_fungus":3,"minecraft:grass":322,"minecraft:oak_log":468,"minecraft:beetroots":51,"minecraft:dirt":394,"minecraft:smooth_basalt":4,"minecraft:stonecutter":1,"minecraft:netherrack":55,"minecraft:oak_leaves":109,"minecraft:deepslate":313,"minecraft:tuff":35,"minecraft:mossy_cobblestone":2,"minecraft:deepslate_diamond_ore":6,"minecraft:stripped_birch_log":1,"minecraft:nether_bricks":1,"minecraft:ladder":1,"minecraft:spruce_leaves":146,"minecraft:red_mushroom":6,"minecraft:kelp":5,"minecraft:hay_block":21,"minecraft:redstone_ore":11,"minecraft:furnace":5,"minecraft:carrots":104,"minecraft:andesite":6,"minecraft:peony":1,"minecraft:potatoes":138,"minecraft:deepslate_iron_ore":91,"minecraft:vine":2,"minecraft:rail":18,"minecraft:warped_stem":26,"minecraft:bamboo":18,"minecraft:stone":968,"minecraft:oak_slab":20,"minecraft:glass_pane":1,"minecraft:basalt":58,"minecraft:stone_brick_slab":1,"minecraft:dandelion":3,"minecraft:crafting_table":18,"minecraft:rose_bush":1,"minecraft:tall_grass":28,"minecraft:copper_ore":9,"minecraft:deepslate_coal_ore":3,"minecraft:deepslate_gold_ore":35,"minecraft:lapis_ore":20,"minecraft:diorite":13,"minecraft:warped_wart_block":2,"minecraft:spruce_stairs":1,"minecraft:acacia_fence_gate":1,"minecraft:spruce_log":90,"minecraft:yellow_bed":1,"minecraft:coal_ore":269,"minecraft:cocoa":9,"minecraft:sunflower":1,"minecraft:gravel":10,"minecraft:dripstone_block":2,"minecraft:cobweb":26,"minecraft:stone_bricks":1,"minecraft:gold_ore":2,"minecraft:fern":1},"minecraft:crafted":{"minecraft:grindstone":1,"minecraft:oak_planks":872,"minecraft:melon":6,"minecraft:oak_pressure_plate":2,"minecraft:blaze_powder":4,"minecraft:cobblestone_stairs":68,"minecraft:diamond_shovel":2,"minecraft:warped_planks":100,"minecraft:glass":33,"minecraft:iron_boots":1,"minecraft:chest":49,"minecraft:oak_button":1,"minecraft:stone_hoe":3,"minecraft:ender_eye":4,"minecraft:oak_slab":246,"minecraft:item_frame":10,"minecraft:cooked_porkchop":63,"minecraft:crafting_table":7,"minecraft:spruce_planks":32,"minecraft:wooden_pickaxe":2,"minecraft:baked_potato":237,"minecraft:iron_helmet":1,"minecraft:copper_ingot":16,"minecraft:birch_planks":32,"minecraft:iron_chestplate":1,"minecraft:wooden_hoe":1,"minecraft:charcoal":13,"minecraft:shield":5,"minecraft:stick":308,"minecraft:stone_slab":6,"minecraft:iron_ingot":175,"minecraft:iron_pickaxe":3,"minecraft:stone_sword":5,"minecraft:gold_ingot":18,"minecraft:redstone_torch":1,"minecraft:composter":1,"minecraft:golden_carrot":52,"minecraft:stone_shovel":4,"minecraft:jukebox":1,"minecraft:spyglass":2,"minecraft:furnace":5,"minecraft:bone_meal":6,"minecraft:flint_and_steel":1,"minecraft:scaffolding":168,"minecraft:spruce_stairs":8,"minecraft:ladder":93,"minecraft:spruce_slab":6,"minecraft:stone_pickaxe":11,"minecraft:cooked_beef":44,"minecraft:diamond_sword":1,"minecraft:iron_sword":1,"minecraft:bucket":2,"minecraft:stone_axe":7,"minecraft:acacia_boat":1,"minecraft:bread":19,"minecraft:air":0,"minecraft:oak_boat":2,"minecraft:gold_nugget":396,"minecraft:wooden_axe":1,"minecraft:iron_leggings":1,"minecraft:white_bed":3,"minecraft:acacia_planks":12,"minecraft:torch":16},"minecraft:dropped":{"minecraft:oak_log":58,"minecraft:baked_potato":40,"minecraft:ender_pearl":1,"minecraft:cooked_porkchop":3,"minecraft:crossbow":1,"minecraft:leather":4,"minecraft:emerald":2,"minecraft:dirt":127,"minecraft:bone_meal":1,"minecraft:phantom_membrane":1,"minecraft:sand":1,"minecraft:iron_pickaxe":4,"minecraft:gold_ingot":9,"minecraft:bone":12,"minecraft:gravel":11,"minecraft:spyglass":1,"minecraft:cobbled_deepslate":66,"minecraft:pointed_dripstone":15,"minecraft:obsidian":16,"minecraft:rotten_flesh":5,"minecraft:diamond_shovel":2,"minecraft:glowstone_dust":126,"minecraft:white_bed":1,"minecraft:carrot":1,"minecraft:poppy":1,"minecraft:glass":11,"minecraft:scaffolding":128,"minecraft:iron_ingot":4,"minecraft:bread":26,"minecraft:wheat_seeds":85,"minecraft:dripstone_block":8,"minecraft:cobblestone":811,"minecraft:golden_apple":1,"minecraft:milk_bucket":1,"minecraft:diorite":5,"minecraft:torch":1,"minecraft:string":2,"minecraft:spruce_sapling":27,"minecraft:redstone":10,"minecraft:hay_block":8,"minecraft:shield":5,"minecraft:oak_button":1,"minecraft:diamond_pickaxe":3,"minecraft:andesite":5,"minecraft:spruce_log":77,"minecraft:bow":1,"minecraft:stone_pickaxe":2,"minecraft:magma_block":1,"minecraft:black_wool":1},"minecraft:custom":{"minecraft:animals_bred":4,"minecraft:interact_with_crafting_table":98,"minecraft:leave_game":8,"minecraft:time_since_death":88690,"minecraft:sprint_one_cm":3668290,"minecraft:damage_blocked_by_shield":1180,"minecraft:drop":170,"minecraft:talked_to_villager":3,"minecraft:play_time":878809,"minecraft:deaths":22,"minecraft:jump":12065,"minecraft:interact_with_brewingstand":1,"minecraft:walk_on_water_one_cm":114391,"minecraft:enchant_item":6,"minecraft:interact_with_furnace":112,"minecraft:play_record":3,"minecraft:sleep_in_bed":24,"minecraft:damage_dealt":29574,"minecraft:crouch_one_cm":98740,"minecraft:interact_with_smoker":1,"minecraft:horse_one_cm":1292,"minecraft:mob_kills":227,"minecraft:interact_with_anvil":2,"minecraft:climb_one_cm":63230,"minecraft:walk_one_cm":2097511,"minecraft:sneak_time":33225,"minecraft:walk_under_water_one_cm":80992,"minecraft:boat_one_cm":140369,"minecraft:total_world_time":878809,"minecraft:interact_with_grindstone":2,"minecraft:time_since_rest":72448,"minecraft:damage_taken":11789,"minecraft:swim_one_cm":222953,"minecraft:fly_one_cm":1919533,"minecraft:open_chest":496,"minecraft:fall_one_cm":267904},"minecraft:killed":{"minecraft:zombified_piglin":1,"minecraft:witch":1,"minecraft:spider":5,"minecraft:skeleton":21,"minecraft:chicken":20,"minecraft:skeleton_horse":2,"minecraft:magma_cube":15,"minecraft:piglin":1,"minecraft:pig":63,"minecraft:sheep":12,"minecraft:pillager":6,"minecraft:zombie":23,"minecraft:glow_squid":1,"minecraft:blaze":1,"minecraft:cow":36,"minecraft:slime":1,"minecraft:horse":9,"minecraft:enderman":6},"minecraft:broken":{"minecraft:stone_pickaxe":9,"minecraft:stone_axe":3,"minecraft:wooden_axe":1,"minecraft:crossbow":1,"minecraft:stone_shovel":5,"minecraft:stone_sword":2,"minecraft:wooden_pickaxe":1,"minecraft:golden_axe":1,"minecraft:iron_pickaxe":2,"minecraft:wooden_hoe":1},"minecraft:used":{"minecraft:beetroot":14,"minecraft:peony":2,"minecraft:melon":6,"minecraft:spruce_slab":1,"minecraft:ladder":94,"minecraft:poppy":21,"minecraft:chest":68,"minecraft:shield":28,"minecraft:iron_sword":187,"minecraft:rotten_flesh":1,"minecraft:iron_chestplate":1,"minecraft:mutton":13,"minecraft:nether_bricks":1,"minecraft:carrot":130,"minecraft:acacia_sapling":3,"minecraft:tuff":21,"minecraft:music_disc_13":1,"minecraft:obsidian":14,"minecraft:glass":24,"minecraft:lava_bucket":33,"minecraft:music_disc_pigstep":2,"minecraft:iron_helmet":1,"minecraft:stone_bricks":2,"minecraft:item_frame":12,"minecraft:bow":8,"minecraft:hay_block":21,"minecraft:oak_sapling":58,"minecraft:furnace":10,"minecraft:beetroot_seeds":64,"minecraft:egg":4,"minecraft:potato":237,"minecraft:stone_pickaxe":1250,"minecraft:oak_planks":179,"minecraft:wooden_pickaxe":62,"minecraft:composter":1,"minecraft:diamond_axe":127,"minecraft:crossbow":11,"minecraft:redstone_torch":1,"minecraft:bread":9,"minecraft:grindstone":1,"minecraft:oak_boat":4,"minecraft:air":1,"minecraft:oak_fence":1,"minecraft:oak_trapdoor":14,"minecraft:rose_bush":1,"minecraft:stone_sword":411,"minecraft:flint_and_steel":3,"minecraft:stone_shovel":658,"minecraft:stone_hoe":14,"minecraft:netherrack":41,"minecraft:oak_door":2,"minecraft:torch":43,"minecraft:dirt":224,"minecraft:spyglass":6,"minecraft:spruce_stairs":9,"minecraft:wooden_axe":65,"minecraft:oak_stairs":11,"minecraft:iron_boots":1,"minecraft:bamboo":30,"minecraft:basalt":55,"minecraft:beef":1,"minecraft:cooked_beef":7,"minecraft:cobbled_deepslate":27,"minecraft:pumpkin":15,"minecraft:iron_leggings":1,"minecraft:golden_axe":33,"minecraft:pointed_dripstone":3,"minecraft:wheat_seeds":268,"minecraft:acacia_boat":1,"minecraft:water_bucket":13,"minecraft:cobblestone_stairs":69,"minecraft:baked_potato":146,"minecraft:stonecutter":1,"minecraft:mossy_cobblestone":2,"minecraft:rail":2,"minecraft:oak_slab":232,"minecraft:crafting_table":22,"minecraft:white_bed":12,"minecraft:spruce_log":2,"minecraft:warped_planks":48,"minecraft:oak_log":87,"minecraft:wooden_hoe":66,"minecraft:ender_eye":12,"minecraft:diamond_pickaxe":394,"minecraft:sunflower":1,"minecraft:oak_button":1,"minecraft:iron_pickaxe":866,"minecraft:spruce_sapling":11,"minecraft:acacia_fence_gate":1,"minecraft:stone_axe":687,"minecraft:cobblestone":261,"minecraft:porkchop":21,"minecraft:cooked_porkchop":15,"minecraft:bucket":47,"minecraft:yellow_bed":1,"minecraft:dandelion":6,"minecraft:jukebox":1}},"DataVersion":3120}