{"stats":{"minecraft:used":{"minecraft:oak_trapdoor":4,"minecraft:stone_sword":237,"minecraft:stone_shovel":387,"minecraft:ladder":24,"minecraft:chest":2,"minecraft:torch":5,"minecraft:dirt":54,"minecraft:mutton":5,"minecraft:glass":65,"minecraft:beef":2,"minecraft:furnace":11,"minecraft:egg":2,"minecraft:cooked_beef":4,"minecraft:cooked_mutton":5,"minecraft:stone_pickaxe":1245,"minecraft:oak_planks":252,"minecraft:wooden_pickaxe":24,"minecraft:oak_slab":43,"minecraft:crafting_table":10,"minecraft:white_bed":9,"minecraft:oak_log":7,"minecraft:apple":3,"minecraft:chicken":1,"minecraft:gravel":10,"minecraft:stone_axe":271,"minecraft:cobblestone":96,"minecraft:cooked_porkchop":8,"minecraft:golden_pickaxe":32},"minecraft:killed_by":{"minecraft:enderman":1,"minecraft:skeleton":1},"minecraft:dropped":{"minecraft:wheat_seeds":3,"minecraft:feather":1,"minecraft:dirt":40,"minecraft:gravel":4,"minecraft:sugar_cane":3,"minecraft:oak_planks":48,"minecraft:stone_slab":1,"minecraft:ladder":1,"minecraft:oak_sapling":9,"minecraft:arrow":1,"minecraft:wooden_pickaxe":2},"minecraft:custom":{"minecraft:mob_kills":60,"minecraft:interact_with_crafting_table":48,"minecraft:leave_game":4,"minecraft:time_since_death":20138,"minecraft:climb_one_cm":16061,"minecraft:sprint_one_cm":316087,"minecraft:walk_one_cm":754091,"minecraft:drop":15,"minecraft:play_time":224143,"minecraft:deaths":4,"minecraft:sneak_time":7894,"minecraft:walk_under_water_one_cm":21152,"minecraft:jump":3448,"minecraft:walk_on_water_one_cm":30409,"minecraft:total_world_time":224143,"minecraft:interact_with_furnace":46,"minecraft:sleep_in_bed":12,"minecraft:time_since_rest":3847,"minecraft:damage_taken":2265,"minecraft:damage_dealt":6563,"minecraft:swim_one_cm":61542,"minecraft:fly_one_cm":440971,"minecraft:open_chest":15,"minecraft:crouch_one_cm":23056,"minecraft:fall_one_cm":99209},"minecraft:crafted":{"minecraft:oak_planks":436,"minecraft:stone_shovel":4,"minecraft:cooked_chicken":4,"minecraft:furnace":4,"minecraft:cooked_mutton":12,"minecraft:oak_trapdoor":4,"minecraft:glass":39,"minecraft:ladder":15,"minecraft:stone_pickaxe":11,"minecraft:chest":2,"minecraft:cooked_beef":8,"minecraft:oak_slab":42,"minecraft:cooked_porkchop":19,"minecraft:crafting_table":3,"minecraft:wooden_pickaxe":2,"minecraft:stone_axe":3,"minecraft:air":0,"minecraft:stick":76,"minecraft:stone_sword":2,"minecraft:white_bed":2,"minecraft:torch":4},"minecraft:broken":{"minecraft:stone_pickaxe":8,"minecraft:stone_axe":1,"minecraft:golden_pickaxe":1,"minecraft:stone_shovel":2},"minecraft:killed":{"minecraft:spider":3,"minecraft:skeleton":4,"minecraft:chicken":5,"minecraft:pig":10,"minecraft:salmon":4,"minecraft:creeper":1,"minecraft:sheep":17,"minecraft:zombie":8,"minecraft:cow":5},"minecraft:mined":{"minecraft:white_bed":7,"minecraft:jungle_leaves":1,"minecraft:ladder":2,"minecraft:grass_block":49,"minecraft:oxeye_daisy":11,"minecraft:magma_block":27,"minecraft:furnace":7,"minecraft:fire":12,"minecraft:pumpkin":7,"minecraft:azure_bluet":13,"minecraft:peony":18,"minecraft:stone":616,"minecraft:oak_slab":4,"minecraft:dandelion":67,"minecraft:crafting_table":8,"minecraft:cornflower":23,"minecraft:torch":2,"minecraft:poppy":20,"minecraft:stone_slab":1,"minecraft:glass":3,"minecraft:cobblestone":81,"minecraft:tall_grass":5,"minecraft:sugar_cane":1,"minecraft:oak_planks":57,"minecraft:wall_torch":3,"minecraft:birch_leaves":2,"minecraft:grass":102,"minecraft:coal_ore":141,"minecraft:oak_log":177,"minecraft:dirt":69,"minecraft:gravel":51,"minecraft:sand":244,"minecraft:cracked_stone_bricks":1,"minecraft:stone_bricks":1,"minecraft:netherrack":415,"minecraft:mossy_stone_bricks":1,"minecraft:oak_leaves":40,"minecraft:fern":13},"minecraft:picked_up":{"minecraft:crafting_table":10,"minecraft:azure_bluet":13,"minecraft:chicken":10,"minecraft:ladder":10,"minecraft:stone_slab":1,"minecraft:wooden_pickaxe":2,"minecraft:cornflower":23,"minecraft:string":4,"minecraft:beef":10,"minecraft:poppy":19,"minecraft:light_gray_wool":1,"minecraft:sugar_cane":3,"minecraft:egg":5,"minecraft:furnace":7,"minecraft:stick":41,"minecraft:torch":9,"minecraft:porkchop":31,"minecraft:carrot":1,"minecraft:stone_sword":3,"minecraft:arrow":9,"minecraft:rotten_flesh":14,"minecraft:stone_shovel":3,"minecraft:peony":54,"minecraft:mutton":23,"minecraft:white_wool":13,"minecraft:cobblestone":738,"minecraft:oxeye_daisy":11,"minecraft:magma_block":27,"minecraft:feather":9,"minecraft:cooked_beef":4,"minecraft:salmon":3,"minecraft:leather":4,"minecraft:flint":4,"minecraft:oak_log":232,"minecraft:gunpowder":1,"minecraft:dirt":242,"minecraft:glass":49,"minecraft:bone":8,"minecraft:apple":5,"minecraft:bow":3,"minecraft:wheat_seeds":24,"minecraft:stone_pickaxe":1,"minecraft:oak_planks":134,"minecraft:oak_slab":6,"minecraft:cooked_porkchop":3,"minecraft:pumpkin":7,"minecraft:dandelion":64,"minecraft:gravel":37,"minecraft:sand":244,"minecraft:white_bed":8,"minecraft:stone_axe":3,"minecraft:gray_wool":2,"minecraft:oak_sapling":25,"minecraft:black_wool":2,"minecraft:netherrack":401,"minecraft:coal":250}},"DataVersion":3120}