{"stats":{"minecraft:killed_by":{"minecraft:creeper":2,"minecraft:drowned":1,"minecraft:zombie":2,"minecraft:player":1,"minecraft:spider":1,"minecraft:enderman":3,"minecraft:skeleton":8},"minecraft:picked_up":{"minecraft:iron_chestplate":4,"minecraft:wheat":142,"minecraft:diamond_sword":6,"minecraft:stone_slab":1,"minecraft:string":16,"minecraft:raw_copper":72,"minecraft:iron_leggings":5,"minecraft:diamond_leggings":3,"minecraft:red_sand":2,"minecraft:cobbled_deepslate":406,"minecraft:bucket":1,"minecraft:iron_pickaxe":12,"minecraft:furnace":15,"minecraft:iron_boots":2,"minecraft:stick":109,"minecraft:torch":91,"minecraft:porkchop":57,"minecraft:diorite":12,"minecraft:pointed_dripstone":45,"minecraft:stone_sword":4,"minecraft:cactus":6,"minecraft:rotten_flesh":89,"minecraft:blaze_rod":26,"minecraft:cobblestone":1801,"minecraft:birch_log":62,"minecraft:magma_block":38,"minecraft:cooked_beef":33,"minecraft:feather":33,"minecraft:lilac":4,"minecraft:water_bucket":2,"minecraft:andesite":37,"minecraft:brown_wool":1,"minecraft:golden_leggings":1,"minecraft:flint":5,"minecraft:tuff":16,"minecraft:dirt":808,"minecraft:lapis_lazuli":33,"minecraft:bone":62,"minecraft:glass":49,"minecraft:bow":6,"minecraft:wheat_seeds":476,"minecraft:raw_gold":20,"minecraft:bamboo":79,"minecraft:diamond_helmet":3,"minecraft:oak_planks":372,"minecraft:cooked_porkchop":5,"minecraft:sand":247,"minecraft:grass_block":2,"minecraft:diamond":12,"minecraft:granite":10,"minecraft:white_concrete":52,"minecraft:bread":64,"minecraft:oak_sapling":32,"minecraft:netherrack":555,"minecraft:diamond_pickaxe":5,"minecraft:crafting_table":29,"minecraft:azure_bluet":13,"minecraft:chicken":30,"minecraft:ladder":11,"minecraft:wooden_pickaxe":2,"minecraft:shield":8,"minecraft:cornflower":23,"minecraft:birch_fence":2,"minecraft:beef":54,"minecraft:oak_boat":1,"minecraft:poppy":19,"minecraft:light_gray_wool":4,"minecraft:sugar_cane":297,"minecraft:chest":2,"minecraft:birch_sapling":1,"minecraft:diamond_hoe":3,"minecraft:phantom_membrane":1,"minecraft:egg":5,"minecraft:raw_iron":207,"minecraft:copper_ingot":1,"minecraft:carrot":191,"minecraft:redstone":390,"minecraft:stone_shovel":5,"minecraft:arrow":41,"minecraft:diamond_chestplate":3,"minecraft:peony":55,"minecraft:golden_hoe":2,"minecraft:nether_bricks":3,"minecraft:diamond_boots":3,"minecraft:mutton":98,"minecraft:rail":93,"minecraft:white_wool":54,"minecraft:oxeye_daisy":11,"minecraft:salmon":4,"minecraft:leather":24,"minecraft:oak_log":340,"minecraft:golden_boots":1,"minecraft:gunpowder":11,"minecraft:wooden_hoe":2,"minecraft:orange_terracotta":7,"minecraft:cooked_mutton":41,"minecraft:apple":7,"minecraft:iron_ingot":65,"minecraft:stone_pickaxe":4,"minecraft:iron_sword":4,"minecraft:oak_slab":7,"minecraft:pumpkin":27,"minecraft:dandelion":66,"minecraft:raw_iron_block":2,"minecraft:dripstone_block":13,"minecraft:gravel":83,"minecraft:lava_bucket":1,"minecraft:white_bed":8,"minecraft:spider_eye":1,"minecraft:stone_axe":12,"minecraft:iron_helmet":2,"minecraft:diamond_axe":1,"minecraft:gray_wool":6,"minecraft:baked_potato":38,"minecraft:black_wool":3,"minecraft:coal":656,"minecraft:sunflower":1,"minecraft:ender_pearl":2},"minecraft:mined":{"minecraft:white_bed":7,"minecraft:farmland":80,"minecraft:sculk_vein":1,"minecraft:jungle_leaves":2,"minecraft:granite":15,"minecraft:grass_block":296,"minecraft:oxeye_daisy":13,"minecraft:magma_block":38,"minecraft:raw_iron_block":2,"minecraft:sculk_catalyst":1,"minecraft:cobbled_deepslate":5,"minecraft:iron_ore":62,"minecraft:fire":27,"minecraft:pumpkin":17,"minecraft:deepslate_lapis_ore":6,"minecraft:azure_bluet":13,"minecraft:pointed_dripstone":36,"minecraft:deepslate_redstone_ore":80,"minecraft:orange_terracotta":2,"minecraft:torch":15,"minecraft:poppy":21,"minecraft:chest":2,"minecraft:dead_bush":5,"minecraft:glass":3,"minecraft:cobblestone":119,"minecraft:oak_planks":81,"minecraft:sugar_cane":154,"minecraft:wall_torch":15,"minecraft:birch_log":46,"minecraft:wheat":150,"minecraft:lilac":2,"minecraft:grass":355,"minecraft:oak_log":239,"minecraft:sand":244,"minecraft:dirt":254,"minecraft:netherrack":569,"minecraft:oak_leaves":83,"minecraft:deepslate":478,"minecraft:diamond_ore":1,"minecraft:tuff":17,"minecraft:deepslate_diamond_ore":11,"minecraft:nether_bricks":3,"minecraft:ladder":3,"minecraft:redstone_ore":8,"minecraft:furnace":14,"minecraft:carrots":17,"minecraft:andesite":37,"minecraft:peony":20,"minecraft:deepslate_iron_ore":103,"minecraft:rail":88,"minecraft:bamboo_sapling":1,"minecraft:bamboo":4,"minecraft:stone":1415,"minecraft:oak_slab":5,"minecraft:dandelion":67,"minecraft:crafting_table":25,"minecraft:cornflower":23,"minecraft:stone_slab":1,"minecraft:copper_ore":21,"minecraft:tall_grass":33,"minecraft:deepslate_coal_ore":5,"minecraft:deepslate_gold_ore":9,"minecraft:sculk":213,"minecraft:diorite":44,"minecraft:cactus":2,"minecraft:birch_leaves":12,"minecraft:coal_ore":362,"minecraft:sunflower":2,"minecraft:gravel":76,"minecraft:dripstone_block":13,"minecraft:cobweb":4,"minecraft:cracked_stone_bricks":1,"minecraft:stone_bricks":1,"minecraft:mossy_stone_bricks":1,"minecraft:gold_ore":8,"minecraft:birch_fence":2,"minecraft:fern":13},"minecraft:crafted":{"minecraft:oak_planks":592,"minecraft:cooked_chicken":21,"minecraft:cooked_mutton":67,"minecraft:glass":39,"minecraft:bow":1,"minecraft:iron_boots":1,"minecraft:chest":12,"minecraft:stone_hoe":2,"minecraft:smoker":2,"minecraft:oak_slab":42,"minecraft:cooked_porkchop":42,"minecraft:crafting_table":8,"minecraft:wooden_pickaxe":3,"minecraft:iron_helmet":1,"minecraft:smithing_table":1,"minecraft:copper_ingot":17,"minecraft:iron_chestplate":1,"minecraft:wooden_hoe":3,"minecraft:diamond_pickaxe":1,"minecraft:shield":3,"minecraft:stick":176,"minecraft:iron_ingot":129,"minecraft:iron_pickaxe":3,"minecraft:iron_block":3,"minecraft:stone_sword":4,"minecraft:gold_ingot":13,"minecraft:raw_iron":9,"minecraft:stone_shovel":7,"minecraft:furnace":7,"minecraft:oak_trapdoor":4,"minecraft:iron_axe":1,"minecraft:ladder":15,"minecraft:stone_pickaxe":24,"minecraft:cooked_beef":49,"minecraft:diamond_sword":1,"minecraft:iron_sword":2,"minecraft:cooked_salmon":4,"minecraft:bucket":2,"minecraft:stone_axe":5,"minecraft:bread":14,"minecraft:air":0,"minecraft:oak_boat":1,"minecraft:iron_shovel":1,"minecraft:iron_leggings":1,"minecraft:anvil":1,"minecraft:white_bed":3,"minecraft:torch":56},"minecraft:dropped":{"minecraft:iron_sword":1,"minecraft:diamond_axe":1,"minecraft:cooked_beef":3,"minecraft:ender_pearl":1,"minecraft:rail":4,"minecraft:flint":1,"minecraft:dirt":49,"minecraft:phantom_membrane":1,"minecraft:sand":3,"minecraft:iron_pickaxe":4,"minecraft:birch_log":8,"minecraft:gravel":4,"minecraft:stone_axe":2,"minecraft:sugar_cane":3,"minecraft:cobbled_deepslate":15,"minecraft:birch_sapling":1,"minecraft:pointed_dripstone":2,"minecraft:rotten_flesh":4,"minecraft:oak_planks":48,"minecraft:cooked_mutton":2,"minecraft:carrot":1,"minecraft:ladder":1,"minecraft:arrow":1,"minecraft:bread":2,"minecraft:wheat_seeds":23,"minecraft:lilac":2,"minecraft:dripstone_block":1,"minecraft:iron_helmet":2,"minecraft:feather":1,"minecraft:granite":6,"minecraft:coal":1,"minecraft:stick":5,"minecraft:gray_wool":3,"minecraft:torch":1,"minecraft:iron_leggings":4,"minecraft:bucket":1,"minecraft:redstone":30,"minecraft:diamond_hoe":1,"minecraft:iron_boots":2,"minecraft:stone_slab":1,"minecraft:diamond_sword":1,"minecraft:shield":3,"minecraft:iron_chestplate":3,"minecraft:diamond_pickaxe":1,"minecraft:oak_sapling":11,"minecraft:red_sand":2,"minecraft:bow":1,"minecraft:wooden_pickaxe":2,"minecraft:magma_block":1},"minecraft:custom":{"minecraft:interact_with_crafting_table":149,"minecraft:bell_ring":7,"minecraft:leave_game":12,"minecraft:time_since_death":33404,"minecraft:sprint_one_cm":1517196,"minecraft:damage_blocked_by_shield":7955,"minecraft:drop":86,"minecraft:talked_to_villager":3,"minecraft:play_time":917979,"minecraft:deaths":23,"minecraft:jump":17104,"minecraft:walk_on_water_one_cm":141826,"minecraft:enchant_item":1,"minecraft:interact_with_furnace":173,"minecraft:sleep_in_bed":23,"minecraft:damage_dealt":41761,"minecraft:crouch_one_cm":77275,"minecraft:interact_with_smoker":26,"minecraft:horse_one_cm":963,"minecraft:interact_with_smithing_table":1,"minecraft:interact_with_anvil":1,"minecraft:mob_kills":287,"minecraft:climb_one_cm":70600,"minecraft:walk_one_cm":3978507,"minecraft:sneak_time":32543,"minecraft:walk_under_water_one_cm":81620,"minecraft:boat_one_cm":56780,"minecraft:total_world_time":917979,"minecraft:interact_with_grindstone":1,"minecraft:time_since_rest":33424,"minecraft:damage_taken":13436,"minecraft:swim_one_cm":146111,"minecraft:fly_one_cm":2321924,"minecraft:open_chest":313,"minecraft:fall_one_cm":471189},"minecraft:killed":{"minecraft:spider":9,"minecraft:skeleton":30,"minecraft:chicken":22,"minecraft:piglin":1,"minecraft:pig":22,"minecraft:zombie_villager":1,"minecraft:salmon":5,"minecraft:creeper":9,"minecraft:sheep":54,"minecraft:zombie":60,"minecraft:blaze":42,"minecraft:cow":24,"minecraft:horse":1,"minecraft:drowned":1,"minecraft:bat":1,"minecraft:wither_skeleton":1,"minecraft:villager":1,"minecraft:enderman":2},"minecraft:broken":{"minecraft:golden_boots":1,"minecraft:stone_pickaxe":17,"minecraft:stone_axe":2,"minecraft:stone_shovel":5,"minecraft:stone_sword":1,"minecraft:stone_hoe":2,"minecraft:shield":1,"minecraft:iron_pickaxe":2,"minecraft:golden_pickaxe":1,"minecraft:wooden_hoe":2},"minecraft:used":{"minecraft:iron_shovel":12,"minecraft:ladder":25,"minecraft:chest":14,"minecraft:shield":192,"minecraft:iron_sword":299,"minecraft:mutton":5,"minecraft:carrot":133,"minecraft:glass":65,"minecraft:lava_bucket":6,"minecraft:bow":6,"minecraft:furnace":16,"minecraft:egg":2,"minecraft:diorite":12,"minecraft:stone_pickaxe":2711,"minecraft:oak_planks":255,"minecraft:wooden_pickaxe":27,"minecraft:sugar_cane":59,"minecraft:glow_berries":3,"minecraft:golden_hoe":4,"minecraft:birch_fence":2,"minecraft:bread":31,"minecraft:gravel":10,"minecraft:diamond_sword":322,"minecraft:smithing_table":1,"minecraft:oak_boat":1,"minecraft:golden_pickaxe":32,"minecraft:oak_trapdoor":4,"minecraft:stone_sword":399,"minecraft:stone_shovel":759,"minecraft:cooked_salmon":3,"minecraft:stone_hoe":262,"minecraft:cooked_chicken":2,"minecraft:netherrack":12,"minecraft:torch":78,"minecraft:dirt":615,"minecraft:anvil":1,"minecraft:granite":4,"minecraft:iron_axe":7,"minecraft:bamboo":1,"minecraft:beef":2,"minecraft:cooked_beef":14,"minecraft:cobbled_deepslate":87,"minecraft:pointed_dripstone":2,"minecraft:wheat_seeds":259,"minecraft:cooked_mutton":33,"minecraft:water_bucket":59,"minecraft:baked_potato":19,"minecraft:rail":1,"minecraft:oak_slab":43,"minecraft:crafting_table":28,"minecraft:white_bed":9,"minecraft:smoker":2,"minecraft:oak_log":7,"minecraft:wooden_hoe":155,"minecraft:diamond_pickaxe":116,"minecraft:apple":6,"minecraft:chicken":1,"minecraft:iron_pickaxe":719,"minecraft:stone_axe":460,"minecraft:cobblestone":296,"minecraft:cooked_porkchop":17,"minecraft:bucket":66}},"DataVersion":3120}