{"stats":{"minecraft:picked_up":{"minecraft:wheat_seeds":6,"minecraft:carrot":10,"minecraft:dirt":5,"minecraft:rail":48,"minecraft:cobblestone":1},"minecraft:mined":{"minecraft:grass":35,"minecraft:grass_block":3,"minecraft:rail":46,"minecraft:carrots":6,"minecraft:dirt":2,"minecraft:cobblestone":1},"minecraft:crafted":{"minecraft:iron_leggings":1,"minecraft:iron_chestplate":1,"minecraft:iron_boots":1,"minecraft:torch":64,"minecraft:shield":1,"minecraft:stone_axe":1,"minecraft:spruce_planks":120,"minecraft:stick":32},"minecraft:dropped":{"minecraft:wheat_seeds":1,"minecraft:carrot":8},"minecraft:custom":{"minecraft:time_since_rest":23734,"minecraft:open_chest":20,"minecraft:crouch_one_cm":2711,"minecraft:sprint_one_cm":26216,"minecraft:interact_with_furnace":3,"minecraft:play_time":23734,"minecraft:walk_one_cm":33585,"minecraft:sneak_time":696,"minecraft:walk_under_water_one_cm":712,"minecraft:drop":9,"minecraft:jump":95,"minecraft:leave_game":2,"minecraft:time_since_death":23734,"minecraft:walk_on_water_one_cm":38,"minecraft:climb_one_cm":736,"minecraft:total_world_time":23922,"minecraft:swim_one_cm":13629,"minecraft:interact_with_crafting_table":1,"minecraft:fall_one_cm":2777,"minecraft:fly_one_cm":130520},"minecraft:used":{"minecraft:torch":3,"minecraft:dirt":97,"minecraft:stone_shovel":5,"minecraft:iron_pickaxe":47,"minecraft:carrot":2,"minecraft:white_bed":2,"minecraft:iron_sword":21}},"DataVersion":3120}