{"stats":{"minecraft:custom":{"minecraft:jump":59,"minecraft:time_since_rest":10783,"minecraft:damage_taken":8,"minecraft:leave_game":2,"minecraft:sprint_one_cm":14604,"minecraft:play_time":10783,"minecraft:time_since_death":10783,"minecraft:walk_on_water_one_cm":397,"minecraft:walk_one_cm":8140,"minecraft:sneak_time":319,"minecraft:total_world_time":10783,"minecraft:walk_under_water_one_cm":419,"minecraft:swim_one_cm":2242,"minecraft:fall_one_cm":1171,"minecraft:fly_one_cm":270784},"minecraft:used":{"minecraft:bread":1}},"DataVersion":3120}