{"stats":{"minecraft:picked_up":{"minecraft:stick":2,"minecraft:oak_fence":12,"minecraft:acacia_log":9,"minecraft:oak_log":36,"minecraft:diorite":117,"minecraft:dirt":2,"minecraft:birch_fence":14,"minecraft:rotten_flesh":2,"minecraft:apple":1,"minecraft:wheat_seeds":2,"minecraft:acacia_fence_gate":1,"minecraft:oak_sapling":2,"minecraft:coal":22,"minecraft:cobblestone":85,"minecraft:birch_log":29},"minecraft:mined":{"minecraft:acacia_leaves":2,"minecraft:acacia_fence_gate":1,"minecraft:birch_log":29,"minecraft:oak_fence":14,"minecraft:grass":11,"minecraft:acacia_log":9,"minecraft:oak_log":37,"minecraft:grass_block":2,"minecraft:coal_ore":22,"minecraft:stone":85,"minecraft:diorite":117,"minecraft:oak_leaves":8,"minecraft:birch_fence":14},"minecraft:crafted":{"minecraft:stone_pickaxe":1,"minecraft:stone_axe":2},"minecraft:custom":{"minecraft:time_since_rest":8242,"minecraft:sprint_one_cm":43439,"minecraft:damage_taken":10,"minecraft:walk_one_cm":75470,"minecraft:interact_with_crafting_table":3,"minecraft:fly_one_cm":11334,"minecraft:open_chest":5,"minecraft:crouch_one_cm":468,"minecraft:play_time":22128,"minecraft:sneak_time":64,"minecraft:jump":153,"minecraft:leave_game":1,"minecraft:time_since_death":22128,"minecraft:sleep_in_bed":1,"minecraft:total_world_time":22128,"minecraft:fall_one_cm":1022},"minecraft:broken":{"minecraft:stone_pickaxe":2,"minecraft:stone_axe":2},"minecraft:used":{"minecraft:birch_fence":6,"minecraft:oak_fence":22,"minecraft:cooked_mutton":1,"minecraft:stone_shovel":1,"minecraft:stone_pickaxe":224,"minecraft:acacia_fence_gate":1,"minecraft:stone_axe":115,"minecraft:dirt":1}},"DataVersion":3120}