{"stats":{"minecraft:picked_up":{"minecraft:birch_log":42,"minecraft:stick":10,"minecraft:oak_fence":14,"minecraft:oak_log":72,"minecraft:dirt":34,"minecraft:birch_fence":13,"minecraft:rotten_flesh":2,"minecraft:apple":2,"minecraft:wheat_seeds":1,"minecraft:acacia_fence_gate":1,"minecraft:granite":1,"minecraft:oak_sapling":3,"minecraft:birch_sapling":5,"minecraft:egg":1,"minecraft:cobblestone":91},"minecraft:mined":{"minecraft:acacia_fence_gate":1,"minecraft:birch_log":42,"minecraft:oak_fence":14,"minecraft:granite":1,"minecraft:grass":10,"minecraft:grass_block":5,"minecraft:oak_log":72,"minecraft:dirt":29,"minecraft:stone":92,"minecraft:oak_leaves":8,"minecraft:birch_fence":14},"minecraft:crafted":{"minecraft:stick":20,"minecraft:stone_axe":1},"minecraft:custom":{"minecraft:time_since_rest":20661,"minecraft:sprint_one_cm":33966,"minecraft:damage_taken":10,"minecraft:walk_one_cm":79074,"minecraft:mob_kills":1,"minecraft:damage_dealt":199,"minecraft:interact_with_crafting_table":2,"minecraft:fly_one_cm":5224,"minecraft:open_chest":8,"minecraft:crouch_one_cm":335,"minecraft:play_time":20661,"minecraft:sneak_time":44,"minecraft:jump":121,"minecraft:leave_game":1,"minecraft:time_since_death":20661,"minecraft:total_world_time":20661,"minecraft:fall_one_cm":813},"minecraft:killed":{"minecraft:zombie":1},"minecraft:broken":{"minecraft:stone_shovel":1,"minecraft:stone_axe":2,"minecraft:stone_pickaxe":1},"minecraft:used":{"minecraft:birch_fence":13,"minecraft:cooked_mutton":1,"minecraft:oak_fence":15,"minecraft:stone_sword":5,"minecraft:stone_shovel":27,"minecraft:stone_pickaxe":93,"minecraft:acacia_fence_gate":1,"minecraft:stone_axe":151,"minecraft:dirt":31}},"DataVersion":3120}