{"stats":{"minecraft:custom":{"minecraft:mob_kills":40,"minecraft:interact_with_crafting_table":27,"minecraft:bell_ring":3,"minecraft:leave_game":1,"minecraft:time_since_death":142571,"minecraft:sprint_one_cm":332438,"minecraft:walk_one_cm":436508,"minecraft:damage_blocked_by_shield":1110,"minecraft:drop":9,"minecraft:talked_to_villager":2,"minecraft:play_time":142571,"minecraft:sneak_time":515,"minecraft:walk_under_water_one_cm":53476,"minecraft:boat_one_cm":136665,"minecraft:jump":1820,"minecraft:walk_on_water_one_cm":29253,"minecraft:total_world_time":142571,"minecraft:interact_with_furnace":21,"minecraft:interact_with_stonecutter":3,"minecraft:sleep_in_bed":3,"minecraft:time_since_rest":29985,"minecraft:damage_taken":2153,"minecraft:damage_dealt":6482,"minecraft:swim_one_cm":75103,"minecraft:fly_one_cm":364458,"minecraft:open_chest":79,"minecraft:crouch_one_cm":662,"minecraft:fall_one_cm":40121},"minecraft:broken":{"minecraft:iron_shovel":2,"minecraft:iron_pickaxe":2},"minecraft:killed":{"minecraft:cave_spider":1,"minecraft:spider":4,"minecraft:skeleton":8,"minecraft:chicken":6,"minecraft:husk":3,"minecraft:creeper":2,"minecraft:sheep":4,"minecraft:zombie":6,"minecraft:cow":5,"minecraft:enderman":1},"minecraft:mined":{"minecraft:white_bed":1,"minecraft:granite":1,"minecraft:grass_block":4,"minecraft:kelp":1,"minecraft:sandstone":81,"minecraft:spawner":1,"minecraft:hay_block":62,"minecraft:tall_seagrass":1,"minecraft:furnace":1,"minecraft:carrots":52,"minecraft:iron_ore":14,"minecraft:cobbled_deepslate":2,"minecraft:andesite":6,"minecraft:deepslate_lapis_ore":23,"minecraft:pointed_dripstone":3,"minecraft:deepslate_iron_ore":36,"minecraft:rail":126,"minecraft:stone":109,"minecraft:deepslate_redstone_ore":10,"minecraft:cut_sandstone":4,"minecraft:kelp_plant":5,"minecraft:crafting_table":7,"minecraft:torch":14,"minecraft:chest":6,"minecraft:dead_bush":1,"minecraft:tall_grass":1,"minecraft:cobblestone":6,"minecraft:lapis_ore":5,"minecraft:deepslate_gold_ore":14,"minecraft:sugar_cane":24,"minecraft:oak_planks":39,"minecraft:diorite":47,"minecraft:wall_torch":14,"minecraft:seagrass":2,"minecraft:cactus":5,"minecraft:wheat":24,"minecraft:grass":3,"minecraft:coal_ore":50,"minecraft:oak_log":5,"minecraft:sand":516,"minecraft:cobweb":30,"minecraft:oak_leaves":1,"minecraft:deepslate":59},"minecraft:picked_up":{"minecraft:crafting_table":7,"minecraft:wheat":23,"minecraft:chicken":6,"minecraft:chest_minecart":2,"minecraft:string":37,"minecraft:raw_copper":7,"minecraft:cobbled_deepslate":75,"minecraft:detector_rail":3,"minecraft:beef":8,"minecraft:chest":6,"minecraft:sugar_cane":58,"minecraft:furnace":1,"minecraft:stick":6,"minecraft:raw_iron":50,"minecraft:sandstone":82,"minecraft:torch":30,"minecraft:pointed_dripstone":8,"minecraft:diorite":44,"minecraft:carrot":195,"minecraft:redstone":46,"minecraft:arrow":8,"minecraft:cactus":8,"minecraft:rotten_flesh":12,"minecraft:hay_block":62,"minecraft:mutton":7,"minecraft:cobblestone":121,"minecraft:white_wool":5,"minecraft:rail":140,"minecraft:feather":4,"minecraft:andesite":11,"minecraft:cut_sandstone":4,"minecraft:leather":7,"minecraft:oak_log":5,"minecraft:gunpowder":1,"minecraft:dirt":8,"minecraft:lapis_lazuli":186,"minecraft:name_tag":1,"minecraft:bone":5,"minecraft:apple":2,"minecraft:kelp":50,"minecraft:bow":1,"minecraft:wheat_seeds":64,"minecraft:raw_gold":14,"minecraft:oak_planks":39,"minecraft:birch_boat":1,"minecraft:sand":530,"minecraft:white_bed":1,"minecraft:spider_eye":1,"minecraft:granite":1,"minecraft:bread":1,"minecraft:oak_sapling":1,"minecraft:coal":53,"minecraft:melon_seeds":3},"minecraft:dropped":{"minecraft:bread":1,"minecraft:stick":2,"minecraft:dirt":3,"minecraft:sand":2,"minecraft:white_wool":1,"minecraft:stone_sword":1,"minecraft:cobbled_deepslate":1,"minecraft:rotten_flesh":2,"minecraft:spider_eye":1},"minecraft:used":{"minecraft:stone_sword":14,"minecraft:iron_shovel":501,"minecraft:chest":6,"minecraft:shield":20,"minecraft:iron_sword":145,"minecraft:iron_chestplate":1,"minecraft:torch":109,"minecraft:dirt":2,"minecraft:carrot":74,"minecraft:lava_bucket":1,"minecraft:iron_helmet":1,"minecraft:iron_boots":1,"minecraft:furnace":3,"minecraft:cobbled_deepslate":74,"minecraft:iron_leggings":1,"minecraft:pointed_dripstone":1,"minecraft:wheat_seeds":24,"minecraft:water_bucket":40,"minecraft:diorite":10,"minecraft:stone_pickaxe":95,"minecraft:cactus":2,"minecraft:birch_boat":1,"minecraft:sandstone":7,"minecraft:cut_sandstone":4,"minecraft:cauldron":1,"minecraft:stonecutter":1,"minecraft:sugar_cane":3,"minecraft:sand":5,"minecraft:rail":29,"minecraft:crafting_table":8,"minecraft:white_bed":2,"minecraft:bread":41,"minecraft:iron_pickaxe":509,"minecraft:map":1,"minecraft:stone_axe":43,"minecraft:cobblestone":88,"minecraft:andesite":5,"minecraft:bucket":42},"minecraft:crafted":{"minecraft:oak_planks":20,"minecraft:furnace":3,"minecraft:stone":3,"minecraft:iron_boots":1,"minecraft:stone_pickaxe":1,"minecraft:wheat":108,"minecraft:cauldron":1,"minecraft:crafting_table":2,"minecraft:iron_helmet":1,"minecraft:iron_sword":2,"minecraft:bucket":2,"minecraft:stone_axe":1,"minecraft:bread":53,"minecraft:air":0,"minecraft:iron_chestplate":1,"minecraft:shield":1,"minecraft:stick":44,"minecraft:iron_ingot":50,"minecraft:iron_pickaxe":2,"minecraft:stone_sword":2,"minecraft:sandstone":128,"minecraft:iron_shovel":2,"minecraft:iron_leggings":1,"minecraft:stonecutter":1,"minecraft:white_bed":1,"minecraft:acacia_planks":72,"minecraft:torch":96}},"DataVersion":3120}