{"stats":{"minecraft:custom":{"minecraft:mob_kills":144,"minecraft:interact_with_crafting_table":68,"minecraft:bell_ring":14,"minecraft:leave_game":1,"minecraft:time_since_death":43568,"minecraft:climb_one_cm":655,"minecraft:sprint_one_cm":511964,"minecraft:walk_one_cm":2396671,"minecraft:damage_blocked_by_shield":1535,"minecraft:drop":24,"minecraft:play_time":359171,"minecraft:deaths":1,"minecraft:sneak_time":22964,"minecraft:walk_under_water_one_cm":33630,"minecraft:jump":3803,"minecraft:walk_on_water_one_cm":40232,"minecraft:total_world_time":359171,"minecraft:interact_with_furnace":67,"minecraft:sleep_in_bed":2,"minecraft:time_since_rest":43588,"minecraft:damage_taken":5018,"minecraft:damage_dealt":26580,"minecraft:swim_one_cm":26563,"minecraft:fly_one_cm":161476,"minecraft:crouch_one_cm":97903,"minecraft:open_chest":95,"minecraft:fall_one_cm":78195},"minecraft:broken":{"minecraft:iron_shovel":1,"minecraft:stone_pickaxe":6,"minecraft:stone_axe":1,"minecraft:iron_pickaxe":4,"minecraft:golden_pickaxe":1,"minecraft:stone_shovel":17},"minecraft:killed":{"minecraft:witch":2,"minecraft:spider":12,"minecraft:phantom":3,"minecraft:skeleton":37,"minecraft:chicken":2,"minecraft:pig":4,"minecraft:zombie_villager":2,"minecraft:creeper":8,"minecraft:sheep":1,"minecraft:zombie":61,"minecraft:enderman":1,"minecraft:cow":7},"minecraft:mined":{"minecraft:tuff":21,"minecraft:white_bed":2,"minecraft:deepslate_diamond_ore":28,"minecraft:cobblestone_stairs":3,"minecraft:glow_lichen":1,"minecraft:acacia_log":86,"minecraft:grass_block":1537,"minecraft:furnace":3,"minecraft:carrots":13,"minecraft:iron_ore":115,"minecraft:cobbled_deepslate":3,"minecraft:andesite":17,"minecraft:deepslate_lapis_ore":4,"minecraft:pointed_dripstone":27,"minecraft:dirt_path":1,"minecraft:deepslate_iron_ore":113,"minecraft:rail":13,"minecraft:stone":1340,"minecraft:acacia_leaves":12,"minecraft:dandelion":2,"minecraft:crafting_table":8,"minecraft:oak_fence":2,"minecraft:torch":17,"minecraft:poppy":5,"minecraft:chest":4,"minecraft:dead_bush":1,"minecraft:tall_grass":19,"minecraft:copper_ore":42,"minecraft:cobblestone":90,"minecraft:deepslate_gold_ore":74,"minecraft:oak_planks":15,"minecraft:diorite":10,"minecraft:wall_torch":11,"minecraft:wheat":62,"minecraft:grass":798,"minecraft:oak_log":26,"minecraft:coal_ore":88,"minecraft:acacia_fence":3,"minecraft:gravel":179,"minecraft:dripstone_block":25,"minecraft:dirt":934,"minecraft:smooth_basalt":1,"minecraft:gold_ore":2,"minecraft:oak_leaves":56,"minecraft:deepslate":522},"minecraft:picked_up":{"minecraft:crafting_table":8,"minecraft:wheat":125,"minecraft:chicken":2,"minecraft:string":19,"minecraft:raw_copper":276,"minecraft:beetroot":12,"minecraft:gold_nugget":37,"minecraft:cobbled_deepslate":560,"minecraft:beef":21,"minecraft:poppy":16,"minecraft:sugar_cane":45,"minecraft:chest":4,"minecraft:furnace":3,"minecraft:stick":17,"minecraft:raw_iron":311,"minecraft:acacia_fence":38,"minecraft:oak_fence":4,"minecraft:torch":34,"minecraft:acacia_log":86,"minecraft:porkchop":10,"minecraft:pointed_dripstone":77,"minecraft:diorite":15,"minecraft:carrot":133,"minecraft:arrow":50,"minecraft:rotten_flesh":96,"minecraft:mutton":2,"minecraft:rail":12,"minecraft:cobblestone":1754,"minecraft:white_wool":2,"minecraft:feather":7,"minecraft:glow_ink_sac":3,"minecraft:andesite":19,"minecraft:leather":16,"minecraft:potato":20,"minecraft:flint":15,"minecraft:tuff":30,"minecraft:oak_log":46,"minecraft:lapis_lazuli":28,"minecraft:gunpowder":14,"minecraft:cobblestone_stairs":3,"minecraft:wooden_hoe":1,"minecraft:dirt":2792,"minecraft:bone":34,"minecraft:acacia_planks":20,"minecraft:apple":2,"minecraft:bow":2,"minecraft:wheat_seeds":389,"minecraft:raw_gold":84,"minecraft:iron_ingot":33,"minecraft:glass_bottle":4,"minecraft:acacia_sapling":27,"minecraft:oak_planks":24,"minecraft:oak_slab":5,"minecraft:dandelion":7,"minecraft:dripstone_block":73,"minecraft:gravel":167,"minecraft:white_bed":3,"minecraft:spider_eye":3,"minecraft:diamond":29,"minecraft:oak_sapling":9,"minecraft:coal":164},"minecraft:killed_by":{"minecraft:skeleton":1},"minecraft:dropped":{"minecraft:water_bucket":1,"minecraft:wheat_seeds":14,"minecraft:dripstone_block":2,"minecraft:feather":1,"minecraft:iron_helmet":1,"minecraft:dirt":128,"minecraft:diorite":1,"minecraft:iron_leggings":1,"minecraft:iron_pickaxe":1,"minecraft:dandelion":1,"minecraft:gravel":109,"minecraft:tuff":16,"minecraft:stone_shovel":2,"minecraft:iron_boots":1,"minecraft:iron_chestplate":1,"minecraft:andesite":17,"minecraft:oak_sapling":4,"minecraft:acacia_sapling":1},"minecraft:used":{"minecraft:iron_shovel":322,"minecraft:stone_shovel":2475,"minecraft:chest":8,"minecraft:shield":41,"minecraft:stone_hoe":91,"minecraft:cooked_chicken":2,"minecraft:iron_chestplate":2,"minecraft:torch":152,"minecraft:dirt":2132,"minecraft:carrot":38,"minecraft:wooden_axe":35,"minecraft:iron_axe":117,"minecraft:iron_helmet":2,"minecraft:iron_boots":1,"minecraft:oak_sapling":1,"minecraft:furnace":5,"minecraft:acacia_fence":76,"minecraft:cooked_beef":14,"minecraft:cobbled_deepslate":42,"minecraft:iron_leggings":2,"minecraft:pointed_dripstone":2,"minecraft:wheat_seeds":124,"minecraft:cooked_mutton":2,"minecraft:water_bucket":20,"minecraft:diorite":9,"minecraft:cobblestone_stairs":221,"minecraft:stone_pickaxe":880,"minecraft:baked_potato":15,"minecraft:wooden_pickaxe":14,"minecraft:diamond_axe":361,"minecraft:crafting_table":12,"minecraft:white_bed":2,"minecraft:dripstone_block":9,"minecraft:wooden_hoe":1,"minecraft:diamond_pickaxe":445,"minecraft:bread":19,"minecraft:iron_pickaxe":1301,"minecraft:acacia_fence_gate":1,"minecraft:stone_axe":76,"minecraft:cobblestone":1102,"minecraft:cooked_porkchop":6,"minecraft:bucket":22,"minecraft:golden_pickaxe":32},"minecraft:crafted":{"minecraft:oak_planks":64,"minecraft:stone_shovel":19,"minecraft:cooked_chicken":2,"minecraft:furnace":2,"minecraft:acacia_fence_gate":1,"minecraft:cobblestone_stairs":256,"minecraft:cooked_mutton":2,"minecraft:iron_boots":3,"minecraft:iron_axe":1,"minecraft:stone_pickaxe":6,"minecraft:chest":4,"minecraft:acacia_fence":108,"minecraft:stone_hoe":1,"minecraft:cooked_beef":18,"minecraft:cooked_porkchop":10,"minecraft:diamond_axe":1,"minecraft:crafting_table":4,"minecraft:baked_potato":20,"minecraft:wooden_pickaxe":1,"minecraft:iron_helmet":3,"minecraft:golden_pickaxe":1,"minecraft:bucket":1,"minecraft:stone_axe":1,"minecraft:bread":19,"minecraft:air":0,"minecraft:iron_chestplate":3,"minecraft:wooden_hoe":1,"minecraft:diamond_pickaxe":1,"minecraft:gold_nugget":36,"minecraft:shield":1,"minecraft:stick":248,"minecraft:iron_ingot":163,"minecraft:iron_pickaxe":12,"minecraft:wooden_axe":1,"minecraft:iron_shovel":1,"minecraft:iron_leggings":3,"minecraft:gold_ingot":7,"minecraft:acacia_planks":316,"minecraft:torch":120}},"DataVersion":3120}