{"stats":{"minecraft:used":{"minecraft:iron_shovel":322,"minecraft:stone_shovel":2072,"minecraft:chest":8,"minecraft:shield":35,"minecraft:cooked_chicken":1,"minecraft:stone_hoe":91,"minecraft:iron_chestplate":1,"minecraft:torch":83,"minecraft:dirt":1417,"minecraft:carrot":38,"minecraft:wooden_axe":35,"minecraft:iron_helmet":1,"minecraft:furnace":5,"minecraft:oak_sapling":1,"minecraft:acacia_fence":76,"minecraft:cooked_beef":11,"minecraft:cobbled_deepslate":32,"minecraft:pointed_dripstone":2,"minecraft:iron_leggings":1,"minecraft:wheat_seeds":62,"minecraft:cooked_mutton":2,"minecraft:water_bucket":20,"minecraft:diorite":9,"minecraft:stone_pickaxe":420,"minecraft:wooden_pickaxe":14,"minecraft:diamond_axe":288,"minecraft:crafting_table":12,"minecraft:white_bed":1,"minecraft:wooden_hoe":1,"minecraft:diamond_pickaxe":119,"minecraft:iron_pickaxe":1001,"minecraft:acacia_fence_gate":1,"minecraft:stone_axe":76,"minecraft:cobblestone":639,"minecraft:cooked_porkchop":6,"minecraft:bucket":22,"minecraft:golden_pickaxe":32},"minecraft:crafted":{"minecraft:oak_planks":64,"minecraft:stone_shovel":16,"minecraft:cooked_chicken":1,"minecraft:furnace":2,"minecraft:acacia_fence_gate":1,"minecraft:cobblestone_stairs":256,"minecraft:cooked_mutton":2,"minecraft:iron_boots":2,"minecraft:stone_pickaxe":6,"minecraft:chest":4,"minecraft:acacia_fence":108,"minecraft:stone_hoe":1,"minecraft:cooked_beef":11,"minecraft:cooked_porkchop":6,"minecraft:diamond_axe":1,"minecraft:crafting_table":4,"minecraft:wooden_pickaxe":1,"minecraft:iron_helmet":2,"minecraft:golden_pickaxe":1,"minecraft:bucket":1,"minecraft:stone_axe":1,"minecraft:air":0,"minecraft:iron_chestplate":2,"minecraft:wooden_hoe":1,"minecraft:diamond_pickaxe":1,"minecraft:gold_nugget":36,"minecraft:shield":1,"minecraft:stick":148,"minecraft:iron_ingot":96,"minecraft:iron_pickaxe":5,"minecraft:wooden_axe":1,"minecraft:iron_leggings":2,"minecraft:iron_shovel":1,"minecraft:gold_ingot":7,"minecraft:acacia_planks":316,"minecraft:torch":64},"minecraft:picked_up":{"minecraft:crafting_table":8,"minecraft:wheat":67,"minecraft:chicken":2,"minecraft:string":8,"minecraft:raw_copper":276,"minecraft:beetroot":12,"minecraft:gold_nugget":37,"minecraft:cobbled_deepslate":114,"minecraft:beef":18,"minecraft:poppy":16,"minecraft:sugar_cane":45,"minecraft:chest":4,"minecraft:furnace":3,"minecraft:raw_iron":185,"minecraft:stick":17,"minecraft:acacia_fence":38,"minecraft:oak_fence":4,"minecraft:torch":24,"minecraft:acacia_log":86,"minecraft:porkchop":10,"minecraft:pointed_dripstone":64,"minecraft:diorite":11,"minecraft:carrot":133,"minecraft:arrow":32,"minecraft:rotten_flesh":62,"minecraft:mutton":2,"minecraft:white_wool":2,"minecraft:cobblestone":1438,"minecraft:feather":7,"minecraft:andesite":3,"minecraft:leather":15,"minecraft:potato":20,"minecraft:flint":3,"minecraft:tuff":12,"minecraft:oak_log":46,"minecraft:gunpowder":9,"minecraft:wooden_hoe":1,"minecraft:dirt":2498,"minecraft:bone":14,"minecraft:acacia_planks":20,"minecraft:apple":2,"minecraft:wheat_seeds":231,"minecraft:raw_gold":25,"minecraft:iron_ingot":32,"minecraft:glass_bottle":4,"minecraft:acacia_sapling":27,"minecraft:oak_planks":24,"minecraft:oak_slab":5,"minecraft:dandelion":7,"minecraft:gravel":43,"minecraft:dripstone_block":38,"minecraft:white_bed":2,"minecraft:diamond":8,"minecraft:oak_sapling":9,"minecraft:coal":122},"minecraft:mined":{"minecraft:tuff":4,"minecraft:white_bed":1,"minecraft:deepslate_diamond_ore":7,"minecraft:acacia_log":86,"minecraft:grass_block":1391,"minecraft:furnace":3,"minecraft:carrots":13,"minecraft:iron_ore":56,"minecraft:cobbled_deepslate":1,"minecraft:andesite":1,"minecraft:pointed_dripstone":24,"minecraft:deepslate_iron_ore":46,"minecraft:rail":1,"minecraft:stone":1045,"minecraft:acacia_leaves":12,"minecraft:dandelion":2,"minecraft:oak_fence":2,"minecraft:crafting_table":8,"minecraft:torch":13,"minecraft:poppy":5,"minecraft:chest":4,"minecraft:tall_grass":18,"minecraft:copper_ore":42,"minecraft:cobblestone":77,"minecraft:deepslate_gold_ore":16,"minecraft:oak_planks":15,"minecraft:diorite":10,"minecraft:wall_torch":7,"minecraft:grass":782,"minecraft:oak_log":26,"minecraft:coal_ore":46,"minecraft:acacia_fence":3,"minecraft:gravel":42,"minecraft:dripstone_block":19,"minecraft:dirt":793,"minecraft:oak_leaves":56,"minecraft:deepslate":75},"minecraft:dropped":{"minecraft:water_bucket":1,"minecraft:wheat_seeds":14,"minecraft:dripstone_block":2,"minecraft:feather":1,"minecraft:iron_helmet":1,"minecraft:dirt":128,"minecraft:diorite":1,"minecraft:iron_leggings":1,"minecraft:iron_pickaxe":1,"minecraft:dandelion":1,"minecraft:gravel":2,"minecraft:stone_shovel":2,"minecraft:iron_boots":1,"minecraft:iron_chestplate":1,"minecraft:andesite":1,"minecraft:oak_sapling":4,"minecraft:acacia_sapling":1},"minecraft:broken":{"minecraft:iron_shovel":1,"minecraft:stone_pickaxe":2,"minecraft:stone_axe":1,"minecraft:iron_pickaxe":4,"minecraft:golden_pickaxe":1,"minecraft:stone_shovel":14},"minecraft:killed":{"minecraft:witch":1,"minecraft:spider":1,"minecraft:phantom":3,"minecraft:skeleton":19,"minecraft:chicken":2,"minecraft:pig":4,"minecraft:creeper":3,"minecraft:sheep":1,"minecraft:zombie":34,"minecraft:enderman":1,"minecraft:cow":6},"minecraft:custom":{"minecraft:mob_kills":77,"minecraft:interact_with_crafting_table":54,"minecraft:bell_ring":14,"minecraft:time_since_death":222000,"minecraft:climb_one_cm":655,"minecraft:sprint_one_cm":302782,"minecraft:walk_one_cm":1557295,"minecraft:damage_blocked_by_shield":1335,"minecraft:drop":20,"minecraft:play_time":222000,"minecraft:sneak_time":9699,"minecraft:walk_under_water_one_cm":12141,"minecraft:jump":2013,"minecraft:walk_on_water_one_cm":18275,"minecraft:total_world_time":222000,"minecraft:interact_with_furnace":50,"minecraft:sleep_in_bed":1,"minecraft:time_since_rest":97726,"minecraft:damage_taken":2595,"minecraft:damage_dealt":13561,"minecraft:swim_one_cm":12959,"minecraft:fly_one_cm":78407,"minecraft:open_chest":48,"minecraft:crouch_one_cm":44852,"minecraft:fall_one_cm":36349}},"DataVersion":3120}